station_id,year,buffer_m,urban_fabric_share,industrial_commercial_transport_share,mine_dump_construction_share,artificial_green_share,arable_land_share,permanent_crops_share,pastures_share,heterogeneous_agriculture_share,forest_share,shrub_herbaceous_share,open_spaces_share,wetlands_share,water_share,valid_data_share
NI_100000481,2006,500,0.0,0.0,0.0,0.0,0.7302482501636539,0.0,0.0,0.0,0.26975174983634626,0.0,0.0,0.0,0.0,1.0
NI_100000605,2006,500,0.0,0.0,0.0,0.0,1.0,0.0,0.0,0.0,0.0,0.0,0.0,0.0,0.0,1.0
NI_100000636,2006,500,0.010578279266572637,0.0,0.0,0.0,0.6998791053798105,0.0,0.2895426153536167,0.0,0.0,0.0,0.0,0.0,0.0,1.0
NI_100000742,2006,500,0.0,0.0,0.0,0.0,1.0,0.0,0.0,0.0,0.0,0.0,0.0,0.0,0.0,1.0
NI_100000816,2006,500,0.0,0.0,0.0,0.0,1.0,0.0,0.0,0.0,0.0,0.0,0.0,0.0,0.0,1.0
NI_100000836,2006,500,0.0,0.0,0.0,0.0,0.7176672038678484,0.0,0.19077356970185327,0.0,0.09155922643029811,0.0,0.0,0.0,0.0,1.0
NI_100000840,2006,500,0.0,0.0,0.0,0.0,0.9998993052059207,0.0,0.0,0.0,1.0069479407914609E-4,0.0,0.0,0.0,0.0,1.0
NI_100000856,2006,500,0.019036108173440095,0.0,0.0,0.0,0.9809638918265597,0.0,0.0,0.0,0.0,0.0,0.0,0.0,0.0,1.0
NI_100000886,2006,500,0.04837734327756501,0.0,0.0,0.0,0.9516226567224353,0.0,0.0,0.0,0.0,0.0,0.0,0.0,0.0,1.0
NI_100000890,2006,500,0.0,0.0,0.0,0.0,0.7511585734434816,0.0,0.0,0.24884142655651814,0.0,0.0,0.0,0.0,0.0,1.0
NI_100000908,2006,500,0.0,0.36304577730775034,0.0,0.0,0.6359470212015914,0.0,0.0,0.0,0.001007201490658206,0.0,0.0,0.0,0.0,1.0
NI_100000922,2006,500,0.0,0.0,0.0,0.0,0.8843557973204392,0.0,0.11564420267956081,0.0,0.0,0.0,0.0,0.0,0.0,1.0
NI_100000938,2006,500,0.0,0.0,0.0,0.0,1.0,0.0,0.0,0.0,0.0,0.0,0.0,0.0,0.0,1.0
NI_100000948,2006,500,0.0,0.0,0.0,0.0,0.7367069486404831,0.0,0.1922457200402819,0.07104733131923462,0.0,0.0,0.0,0.0,0.0,1.0
NI_119700002,2006,500,0.0,0.0,0.0,0.0,0.710509089078,0.0,0.0,0.28949091092200013,0.0,0.0,0.0,0.0,0.0,1.0
NI_127800015,2006,500,0.0,0.0,0.0,0.0,0.6863920225624497,0.0,0.0,0.0,0.31360797743755037,0.0,0.0,0.0,0.0,1.0
NI_13610470,2006,500,0.06878147029204427,0.0,0.0,0.0,0.7964249748237662,0.0,0.0,0.0,0.1347935548841893,0.0,0.0,0.0,0.0,1.0
NI_200000590,2006,500,0.0,0.0,0.0,0.0,0.8979160374509213,0.0,0.0,0.10208396254907885,0.0,0.0,0.0,0.0,0.0,1.0
NI_200000636,2006,500,0.0,0.0,0.0,0.0,0.9996979156177624,0.0,0.0,0.0,3.0208438223743836E-4,0.0,0.0,0.0,0.0,1.0
NI_200000876,2006,500,0.0,0.0,0.0,0.0,1.0,0.0,0.0,0.0,0.0,0.0,0.0,0.0,0.0,1.0
NI_200000964,2006,500,0.0,0.0,0.0,0.0,1.0,0.0,0.0,0.0,0.0,0.0,0.0,0.0,0.0,1.0
NI_200001382,2006,500,0.0,0.0,0.0,0.0,0.7716947872072525,0.0,0.0,0.0,0.2283052127927474,0.0,0.0,0.0,0.0,1.0
NI_200001392,2006,500,0.0,0.0,0.0,0.0,0.9884142655651825,0.0,0.011585734434817656,0.0,0.0,0.0,0.0,0.0,0.0,1.0
NI_200001410,2006,500,0.0,0.0,0.0,0.0,0.6774258522584217,0.0,0.0,0.32257414774157805,0.0,0.0,0.0,0.0,0.0,1.0
NI_200001723,2006,500,0.020502745453629546,0.0,0.0,0.0,0.6900911792856784,0.0,0.0,0.0,0.2894060752606922,0.0,0.0,0.0,0.0,1.0
NI_200001725,2006,500,0.0,0.0,0.0,0.0,0.36219917430268855,0.0,0.0,0.6378008256973116,0.0,0.0,0.0,0.0,0.0,1.0
NI_200001731,2006,500,0.0,0.0,0.0,0.0,1.0,0.0,0.0,0.0,0.0,0.0,0.0,0.0,0.0,1.0
NI_200002154,2006,500,0.0,0.0,0.0,0.0,0.49624893006394427,0.0,0.5037510699360555,0.0,0.0,0.0,0.0,0.0,0.0,1.0
NI_2412220,2006,500,0.0,0.0,0.0,0.0,1.0,0.0,0.0,0.0,0.0,0.0,0.0,0.0,0.0,1.0
NI_40000075,2006,500,0.0,0.0,0.0,0.0,1.0,0.0,0.0,0.0,0.0,0.0,0.0,0.0,0.0,1.0
NI_40000231,2006,500,0.0,0.0,0.0,0.0,0.992397925791673,0.0,0.0,0.0,0.007602074208327041,0.0,0.0,0.0,0.0,1.0
NI_40000277,2006,500,0.44638002215285466,0.0,0.0,0.0,0.5448595307622595,0.0,0.008760447084885712,0.0,0.0,0.0,0.0,0.0,0.0,1.0
NI_40000285,2006,500,0.10102739726027396,0.03500201450443191,0.0,0.0,0.30988114423851726,0.0,0.5540894439967767,0.0,0.0,0.0,0.0,0.0,0.0,1.0
NI_40000359,2006,500,0.0,0.0,0.0,0.0,0.1455772718114044,0.0,0.3928067700987306,0.15217610316340924,0.30943985492645576,0.0,0.0,0.0,0.0,1.0
NI_40000365,2006,500,0.0,0.0,0.0,0.0,1.0,0.0,0.0,0.0,0.0,0.0,0.0,0.0,0.0,1.0
NI_40000437,2006,500,0.0,0.0,0.0,0.0,1.0,0.0,0.0,0.0,0.0,0.0,0.0,0.0,0.0,1.0
NI_40000953,2006,500,0.0,0.0,0.0,0.0,0.70407289936062,0.0,0.2959271006393797,0.0,0.0,0.0,0.0,0.0,0.0,1.0
NI_40003417,2006,500,0.012438938409628847,0.0,0.0,0.0,0.712997935236944,0.0,0.27456312635342695,0.0,0.0,0.0,0.0,0.0,0.0,1.0
NI_400080011,2006,500,0.14615113527664492,0.0,0.0,0.0,0.18693047374515423,0.0,0.02774001913104766,0.6230680159089762,0.0,0.0,0.0,0.0161103559381765,0.0,1.0
NI_400080032,2006,500,0.0,0.0,0.0,0.0,0.7413897280966769,0.0,0.0,0.25861027190332325,0.0,0.0,0.0,0.0,0.0,1.0
NI_400080041,2006,500,0.0,0.0,0.0,0.0,0.5461046482348795,0.0,0.4538953517651206,0.0,0.0,0.0,0.0,0.0,0.0,1.0
NI_400080051,2006,500,0.1570414379940587,0.0,0.0,0.0,0.8429585620059412,0.0,0.0,0.0,0.0,0.0,0.0,0.0,0.0,1.0
NI_400080091,2006,500,0.0,0.0,0.0,0.0,0.5667757362194816,0.0,0.09770953939088853,0.33551472438963015,0.0,0.0,0.0,0.0,0.0,1.0
NI_400080111,2006,500,0.0,0.0,0.0,0.0,0.0,0.0,0.656561587269614,0.3434384127303856,0.0,0.0,0.0,0.0,0.0,1.0
NI_400080131,2006,500,0.0,0.0,0.0,0.0,0.16998992950654576,0.0,0.533987915407855,0.0,0.0,0.0,0.0,0.29602215508559915,0.0,1.0
NI_400080141,2006,500,0.0,0.0,0.0,0.0,0.0,0.0,0.5995669905845626,0.0,0.40043300941543725,0.0,0.0,0.0,0.0,1.0
NI_400080151,2006,500,0.06267619814740229,0.0,0.0,0.0,0.5197845348368907,0.0,0.0,0.4175392670157065,0.0,0.0,0.0,0.0,0.0,1.0
NI_400080161,2006,500,0.16800040263727417,0.0,0.0,0.0,0.8319995973627258,0.0,0.0,0.0,0.0,0.0,0.0,0.0,0.0,1.0
NI_40501081,2006,500,0.0,0.0,0.0,0.0,1.0,0.0,0.0,0.0,0.0,0.0,0.0,0.0,0.0,1.0
NI_40502220,2006,500,0.19002064347213127,0.0,0.0,0.0,0.8099793565278686,0.0,0.0,0.0,0.0,0.0,0.0,0.0,0.0,1.0
NI_40505301,2006,500,0.0,0.0,0.0,0.0,1.0,0.0,0.0,0.0,0.0,0.0,0.0,0.0,0.0,1.0
NI_40507271,2006,500,0.0,0.0,0.0,0.0,0.11156421487187235,0.0,0.0,0.8884357851281279,0.0,0.0,0.0,0.0,0.0,1.0
NI_40507391,2006,500,0.0,0.0,0.0,0.0,0.034885476969544436,0.0,0.0,0.9651145230304555,0.0,0.0,0.0,0.0,0.0,1.0
NI_40507510,2006,500,0.0,0.0,0.0,0.0,1.0,0.0,0.0,0.0,0.0,0.0,0.0,0.0,0.0,1.0
NI_40507661,2006,500,0.0,0.0,0.0,0.0,1.0,0.0,0.0,0.0,0.0,0.0,0.0,0.0,0.0,1.0
NI_40507820,2006,500,0.0,0.0,0.0,0.0,0.0,0.0,0.014200110781006092,0.8603152223173371,0.09396243516793391,0.0,0.0,0.03152223173372274,0.0,1.0
NI_500000009,2006,500,0.30525626825093133,0.0,0.0,0.0,0.5978249924478902,0.0,0.0,0.09691873930117809,0.0,0.0,0.0,0.0,0.0,1.0
NI_500000012,2006,500,0.0,0.0,0.0,0.0,0.0,0.0,1.0,0.0,0.0,0.0,0.0,0.0,0.0,1.0
NI_500000015,2006,500,0.0,0.0,0.0,0.0,0.0,0.0,0.8378650553877138,0.0,0.0,0.0,0.0,0.162134944612286,0.0,1.0
NI_500000091,2006,500,0.0,0.0,0.0,0.0,0.6840938853631509,0.0,0.03339377455424599,0.0,0.28251234008260295,0.0,0.0,0.0,0.0,1.0
NI_500000098,2006,500,0.0,0.0,0.0,0.0,0.7294467099632482,0.0,0.0,0.17389115440769273,0.09666213562905906,0.0,0.0,0.0,0.0,1.0
NI_500000401,2006,500,0.0,0.0,0.0,0.0,0.7557770729497054,0.0,0.0,0.0,0.24422292705029447,0.0,0.0,0.0,0.0,1.0
NI_500000487,2006,500,0.04133105114780507,0.0,0.0,0.0,0.3704188481675393,0.0,0.34826822392267415,0.23998187676198146,0.0,0.0,0.0,0.0,0.0,1.0
NI_500000526,2006,500,0.0,0.0,0.0,0.0,0.8406745532343315,0.0,0.10309589730682102,0.056229549458847214,0.0,0.0,0.0,0.0,0.0,1.0
NI_500000715,2006,500,0.020600382794399106,0.08361035559584967,0.0,0.0,0.8957892616097513,0.0,0.0,0.0,0.0,0.0,0.0,0.0,0.0,1.0
NI_500000725,2006,500,0.0,0.0,0.0,0.0,0.5189102079871076,0.0,0.3118295815077805,0.16926021050511147,0.0,0.0,0.0,0.0,0.0,1.0
NI_500000729,2006,500,0.07126321087065927,0.0,0.0,0.0,0.0,0.0,0.0019627579265223956,0.9267740312028182,0.0,0.0,0.0,0.0,0.0,1.0
NI_500002797,2006,500,0.0,0.0,0.0,0.0,0.9108257804632429,0.0,0.07834843907351463,0.0,0.010825780463242701,0.0,0.0,0.0,0.0,1.0
NI_600040091,2006,500,0.0,0.0,0.0,0.0,0.9537330715400493,0.0,0.039319337461612036,0.0,0.006947590998338618,0.0,0.0,0.0,0.0,1.0
NI_600040261,2006,500,0.014397180971558019,0.0,0.0,0.0,0.9182985149760885,0.0,0.0,0.0,0.0673043040523534,0.0,0.0,0.0,0.0,1.0
NI_600040281,2006,500,0.013694491994763865,0.0,0.0,0.0,0.9863055080052362,0.0,0.0,0.0,0.0,0.0,0.0,0.0,0.0,1.0
NI_600040341,2006,500,0.0,0.0,0.0,0.0,0.0,0.0,1.0,0.0,0.0,0.0,0.0,0.0,0.0,1.0
NI_600040611,2006,500,0.03011077542799597,0.0,0.0,0.0,0.761631419939577,0.0,0.10367573011077541,0.10458207452165154,0.0,0.0,0.0,0.0,0.0,1.0
NI_600040761,2006,500,0.0,0.0,0.0,0.0,0.007554011179936546,0.0,0.9924459888200634,0.0,0.0,0.0,0.0,0.0,0.0,1.0
NI_600041051,2006,500,0.006746890891697296,0.0,0.0,0.0,0.9932531091083027,0.0,0.0,0.0,0.0,0.0,0.0,0.0,0.0,1.0
NI_600041351,2006,500,0.0,0.0,0.0,0.0,1.0,0.0,0.0,0.0,0.0,0.0,0.0,0.0,0.0,1.0
NI_600041571,2006,500,0.0,0.0,0.0,0.0,0.6746878775674587,0.0,0.0,0.2873540072492952,0.03795811518324608,0.0,0.0,0.0,0.0,1.0
NI_9610315,2006,500,0.0,0.0,0.0,0.0,0.0,0.0,1.0,0.0,0.0,0.0,0.0,0.0,0.0,1.0
NI_9610319,2006,500,0.0,0.0,0.0,0.0,0.0,0.0,1.0,0.0,0.0,0.0,0.0,0.0,0.0,1.0
NI_9610399,2006,500,0.0,0.0,0.0,0.0,1.0,0.0,0.0,0.0,0.0,0.0,0.0,0.0,0.0,1.0
NI_9610751,2006,500,0.0,0.0,0.0,0.0,0.9897805074506647,0.0,0.00639347563431333,0.0038260169150221507,0.0,0.0,0.0,0.0,0.0,1.0
NI_9610757,2006,500,0.0,0.0,0.0,0.0,0.0,0.0,1.0,0.0,0.0,0.0,0.0,0.0,0.0,1.0
NI_9611171,2006,500,0.0,0.0,0.0,0.0,0.0,0.0,1.0,0.0,0.0,0.0,0.0,0.0,0.0,1.0
NI_9611187,2006,500,0.0,0.0,0.0,0.0,0.3797704158694996,0.0,0.6202295841305007,0.0,0.0,0.0,0.0,0.0,0.0,1.0
NI_9611197,2006,500,0.0,0.0,0.0,0.0,0.0,0.0,1.0,0.0,0.0,0.0,0.0,0.0,0.0,1.0
NI_9700028,2006,500,0.05343203907941785,0.0,0.0,0.0,0.31273606284937305,0.0,0.0,0.5537090194893489,0.08012287858186032,0.0,0.0,0.0,0.0,1.0
NI_9700043,2006,500,0.0,0.0,0.0,0.0,1.0,0.0,0.0,0.0,0.0,0.0,0.0,0.0,0.0,1.0
NI_9700119,2006,500,0.0,0.07934749773436713,0.0,0.0,0.9206525022656328,0.0,0.0,0.0,0.0,0.0,0.0,0.0,0.0,1.0
NI_9700155,2006,500,0.0,0.0,0.0,0.0,0.9960217544566421,0.0,0.0,0.00397824554335784,0.0,0.0,0.0,0.0,0.0,1.0
NI_9700159,2006,500,0.0,0.0,0.0,0.0,1.0,0.0,0.0,0.0,0.0,0.0,0.0,0.0,0.0,1.0
NI_9700211,2006,500,0.02114484216885667,0.0,0.0,0.0,0.9788551578311432,0.0,0.0,0.0,0.0,0.0,0.0,0.0,0.0,1.0
NI_9700223,2006,500,0.0,0.0,0.0,0.0,0.9513165181493228,0.0,0.0,0.0,0.0,0.0,0.0,0.04868348185067712,0.0,1.0
NI_9700232,2006,500,0.0,0.0,0.0,0.0,1.0,0.0,0.0,0.0,0.0,0.0,0.0,0.0,0.0,1.0
NI_9700246,2006,500,0.0,0.0,0.0,0.0,0.6389280677009871,0.0,0.3610719322990126,0.0,0.0,0.0,0.0,0.0,0.0,1.0
NI_9700272,2006,500,0.0,0.0,0.0,0.0,1.0,0.0,0.0,0.0,0.0,0.0,0.0,0.0,0.0,1.0
NI_9700294,2006,500,0.0,0.0,0.0,0.0,0.36516570968066897,0.0,0.0,0.6348342903193316,0.0,0.0,0.0,0.0,0.0,1.0
NI_9840011,2006,500,0.0,0.0,0.0,0.0,0.0830103196576894,0.0,0.9169896803423108,0.0,0.0,0.0,0.0,0.0,0.0,1.0
NI_9840081,2006,500,0.0,0.0,0.0,0.0,0.0,0.0,0.968537628995721,0.0,0.031462371004278886,0.0,0.0,0.0,0.0,1.0
NI_9840391,2006,500,0.06576032225579055,0.0,0.0,0.0,4.028197381671703E-4,0.0,0.9338368580060424,0.0,0.0,0.0,0.0,0.0,0.0,1.0
NI_9841201,2006,500,0.0,0.0,0.0,0.0,0.0,0.0,1.0,0.0,0.0,0.0,0.0,0.0,0.0,1.0
NI_9842671,2006,500,0.0,0.0,0.0,0.0,0.0,0.0,1.0,0.0,0.0,0.0,0.0,0.0,0.0,1.0
NI_9842941,2006,500,0.0,0.0,0.0,0.0,0.3489027582041473,0.0,0.48610831487819595,0.16498892691765646,0.0,0.0,0.0,0.0,0.0,1.0
NI_9843241,2006,500,0.0,0.0,0.0,0.0,0.0,0.0,0.0,1.0,0.0,0.0,0.0,0.0,0.0,1.0
NI_100000481,2006,1000,0.0,0.0,0.0,0.0,0.6193929322304897,0.0,0.004267855119537715,0.0,0.3763392126499731,0.0,0.0,0.0,0.0,1.0
NI_100000605,2006,1000,0.0,0.0,0.0,0.0,1.0,0.0,0.0,0.0,0.0,0.0,0.0,0.0,0.0,1.0
NI_100000636,2006,1000,0.04348045016239079,0.0,0.0,0.0,0.542347491125154,0.0,0.3014048692061734,0.023741786046980032,0.08902540345930157,0.0,0.0,0.0,0.0,1.0
NI_100000742,2006,1000,0.006242684354272335,0.0,0.0,0.0,0.9937573156457276,0.0,0.0,0.0,0.0,0.0,0.0,0.0,0.0,1.0
NI_100000816,2006,1000,0.020111759967780907,0.0,0.0,0.0,0.9257073097060009,0.0,0.011125654450261778,0.0,0.0,0.0,0.0,0.0,0.0430552758759565,1.0
NI_100000836,2006,1000,0.015180122347254733,0.0,0.0,0.0,0.5270749943357751,0.0,0.18596279233693322,0.0,0.2717820909800367,0.0,0.0,0.0,0.0,1.0
NI_100000840,2006,1000,0.0428718878231755,0.0,0.0,0.0,0.8486141530095916,0.0,0.0,0.0,0.10851395916723312,0.0,0.0,0.0,0.0,1.0
NI_100000856,2006,1000,0.05548422828084484,0.0,0.0,0.0,0.9235581401203331,0.0,0.0,0.0,0.020957631598821833,0.0,0.0,0.0,0.0,1.0
NI_100000886,2006,1000,0.1501730975011015,0.0,0.0,0.0,0.8299490149178573,0.0,0.019877887581041104,0.0,0.0,0.0,0.0,0.0,0.0,1.0
NI_100000890,2006,1000,0.0,0.0,0.0,0.0,0.6835242290748894,0.0,0.0,0.1508495909376966,0.16562617998741339,0.0,0.0,0.0,0.0,1.0
NI_100000908,2006,1000,0.0,0.4319769417628474,0.0,0.0,0.49946507910536037,0.0,0.0,0.0,0.0685579791317919,0.0,0.0,0.0,0.0,1.0
NI_100000922,2006,1000,0.0,0.0,0.0,0.0,0.8919854486864799,0.0,0.10801455131352039,0.0,0.0,0.0,0.0,0.0,0.0,1.0
NI_100000938,2006,1000,0.0,0.0,0.0,0.0,1.0,0.0,0.0,0.0,0.0,0.0,0.0,0.0,0.0,1.0
NI_100000948,2006,1000,0.001510574018126888,0.0,0.0,0.0,0.7160876132930515,0.0,0.09714249748237662,0.18525931520644512,0.0,0.0,0.0,0.0,0.0,1.0
NI_119700002,2006,1000,0.0,0.021675645737878252,0.0,0.0,0.7786616988067067,0.0,0.0,0.19966265545541512,0.0,0.0,0.0,0.0,0.0,1.0
NI_127800015,2006,1000,0.0,0.0,0.0,0.0,0.6875118009138627,0.0,0.061616504915474005,0.0,0.25087169417066324,0.0,0.0,0.0,0.0,1.0
NI_13610470,2006,1000,0.1327258768893867,0.0,0.0,0.0,0.7322073574386144,0.0,0.0,0.0,0.13506676567199866,0.0,0.0,0.0,0.0,1.0
NI_200000590,2006,1000,0.03351371759375786,0.0,0.0,0.0,0.8359300276868863,0.0,0.0,0.13055625471935564,0.0,0.0,0.0,0.0,0.0,1.0
NI_200000636,2006,1000,0.0,0.0,0.0,0.0,0.9427384847722126,0.0,0.0,0.0,0.05726151522778755,0.0,0.0,0.0,0.0,1.0
NI_200000876,2006,1000,0.13470687441790227,0.0,0.0,0.0,0.865293125582098,0.0,0.0,0.0,0.0,0.0,0.0,0.0,0.0,1.0
NI_200000964,2006,1000,0.0,0.0,0.0,0.0,0.8948448158683017,0.0,0.0,0.06115488207012864,0.0,0.0,0.0,0.0,0.04400030206157023,1.0
NI_200001382,2006,1000,0.0,0.0,0.0,0.0,0.48179895778264487,0.0,0.0,0.0,0.5182010422173552,0.0,0.0,0.0,0.0,1.0
NI_200001392,2006,1000,0.0,0.0,0.0,0.0,0.6858006042296073,0.0,0.3141993957703928,0.0,0.0,0.0,0.0,0.0,0.0,1.0
NI_200001410,2006,1000,0.0,0.0,4.1532943175382283E-4,0.0,0.8113271663205586,0.0,0.0,0.1882575042476873,0.0,0.0,0.0,0.0,0.0,1.0
NI_200001723,2006,1000,0.05454934487923372,0.0,0.0,0.0,0.665215038199645,0.0,0.0,0.0,0.2802356169211212,0.0,0.0,0.0,0.0,1.0
NI_200001725,2006,1000,0.0,0.0,0.0,0.0,0.5745695730970601,0.0,0.0,0.4254304269029401,0.0,0.0,0.0,0.0,0.0,1.0
NI_200001731,2006,1000,0.0,0.0,0.0,0.0,1.0,0.0,0.0,0.0,0.0,0.0,0.0,0.0,0.0,1.0
NI_200002154,2006,1000,0.034234937256925654,0.0,0.0,0.0,0.6022579954940782,0.0,0.3447281972536532,0.0,0.0,0.018778869995343044,0.0,0.0,0.0,1.0
NI_2412220,2006,1000,0.0,0.0,0.0,0.0,0.9775853606353121,0.0,0.022414639364687825,0.0,0.0,0.0,0.0,0.0,0.0,1.0
NI_40000075,2006,1000,0.0,0.0,0.0,0.0,0.9349174983952776,0.0,0.0,0.0,0.06508250160472229,0.0,0.0,0.0,0.0,1.0
NI_40000231,2006,1000,0.0,0.0,0.0,0.0,0.7857358604545794,0.0,0.0,0.0,0.21426413954542017,0.0,0.0,0.0,0.0,1.0
NI_40000277,2006,1000,0.2535431088735054,0.0,0.0,0.0,0.5602139710509757,0.0,0.18624292007551926,0.0,0.0,0.0,0.0,0.0,0.0,1.0
NI_40000285,2006,1000,0.21058527375707992,0.20308370044052865,0.0,0.0,0.3090371302706104,0.0,0.27729389553178097,0.0,0.0,0.0,0.0,0.0,0.0,1.0
NI_40000359,2006,1000,0.01903227430642968,0.0,0.0,0.0,0.3011177684910124,0.0,0.12849302653441416,0.10709430542268766,0.444262625245456,0.0,0.0,0.0,0.0,1.0
NI_40000365,2006,1000,4.78300271875944E-4,0.0,0.0,0.0,0.999521699728124,0.0,0.0,0.0,0.0,0.0,0.0,0.0,0.0,1.0
NI_40000437,2006,1000,0.0,0.0,0.0,0.0,1.0,0.0,0.0,0.0,0.0,0.0,0.0,0.0,0.0,1.0
NI_40000953,2006,1000,0.0,0.0,0.0,0.0,0.7865908146954804,0.0,0.12295319245340015,0.0,0.0,0.0,0.0,0.0,0.09045599285111953,1.0
NI_40003417,2006,1000,0.09415674328440876,0.0,0.0,0.0,0.5804863925883034,0.0,0.325356864127288,0.0,0.0,0.0,0.0,0.0,0.0,1.0
NI_400080011,2006,1000,0.09138499484056076,0.0,0.0,0.0,0.27794276797624157,0.0,0.1839151335162208,0.3823522009412831,0.0,0.0,0.0,0.06440490272569402,0.0,1.0
NI_400080032,2006,1000,0.030076891131721694,0.0,0.0,0.0,0.5100361174383048,0.0,0.0812831128953098,0.32967544643418956,0.04892843210047445,0.0,0.0,0.0,0.0,1.0
NI_400080041,2006,1000,0.008784404535672485,0.0,0.0,0.0,0.6366553820209164,0.0,0.2801318919191029,0.0,0.0669653532010219,0.0,0.0,0.007462968323286223,0.0,1.0
NI_400080051,2006,1000,0.19110837066492173,0.0,0.0,0.0,0.7369507223033167,0.0,0.055984798912769904,0.0,0.015956108118991286,0.0,0.0,0.0,0.0,1.0
NI_400080091,2006,1000,0.0,0.0,0.0,0.0,0.3979689426924722,0.0,0.2374977978003172,0.36453325950721066,0.0,0.0,0.0,0.0,0.0,1.0
NI_400080111,2006,1000,0.0,0.0,0.0,0.0,0.0,0.0,0.5677685638425046,0.33782984560017126,0.0,0.0,0.0,0.024537870112874203,0.06986372044445004,1.0
NI_400080131,2006,1000,0.0,0.0,0.0,0.0,0.2515068768953931,0.0,0.45785148925996266,0.0,0.0,0.0,0.0,0.2906416338446437,0.0,1.0
NI_400080141,2006,1000,0.0,0.0,0.0,0.0,0.10793023606986461,0.0,0.4633059847989126,0.0,0.42876377913122266,0.0,0.0,0.0,0.0,1.0
NI_400080151,2006,1000,0.20818863556293715,0.0,0.0,0.0,0.19892797825758712,0.0,0.0,0.5258065327897729,0.06637223815994764,0.0,0.0,7.046152297548943E-4,0.0,1.0
NI_400080161,2006,1000,0.13293401117430914,0.0,0.0,0.0,0.7258015805103941,0.0,0.04828358584587506,0.09298082246942163,0.0,0.0,0.0,0.0,0.0,1.0
NI_40501081,2006,1000,0.0,0.0,0.0,0.0,1.0,0.0,0.0,0.0,0.0,0.0,0.0,0.0,0.0,1.0
NI_40502220,2006,1000,0.2852180916664569,0.0,0.0,0.0,0.7147819083335432,0.0,0.0,0.0,0.0,0.0,0.0,0.0,0.0,1.0
NI_40505301,2006,1000,0.0,0.0,0.0,0.0,1.0,0.0,0.0,0.0,0.0,0.0,0.0,0.0,0.0,1.0
NI_40507271,2006,1000,0.0,0.0,0.0,0.0,0.34517951751129455,0.0,0.0,0.6548204824887054,0.0,0.0,0.0,0.0,0.0,1.0
NI_40507391,2006,1000,0.0,0.0,0.0,0.0,0.14954882392177093,0.0,0.055638757094853934,0.7766898652135061,0.018122553769868727,0.0,0.0,0.0,0.0,1.0
NI_40507510,2006,1000,0.0,0.0,0.0,0.0,0.983057674395187,0.0,0.006998464365732698,0.0017118545930569187,0.008232006646023714,0.0,0.0,0.0,0.0,1.0
NI_40507661,2006,1000,0.0,0.0,0.0,0.0,0.9356353382512147,0.0,0.0,0.0643646617487852,0.0,0.0,0.0,0.0,0.0,1.0
NI_40507820,2006,1000,0.0,0.0,0.0,0.0,0.0,0.0,0.11920554807365542,0.5141911366754349,0.2155290682307333,0.0,0.0,0.1510742470201759,0.0,1.0
NI_500000009,2006,1000,0.30228167986005366,0.1258007274191722,0.0,0.0014724574938018353,0.31768585056444215,0.0,0.01901609635157755,0.1750462502674336,0.058696938043519324,0.0,0.0,0.0,0.0,1.0
NI_500000012,2006,1000,0.03703657093956862,0.0,0.0,0.0,0.0017115099041051078,0.0,0.9612519191563264,0.0,0.0,0.0,0.0,0.0,0.0,1.0
NI_500000015,2006,1000,0.0,0.0,0.0,0.0,0.0,0.0,0.8588039867109638,0.0,0.0,0.0,0.0,0.14119601328903655,0.0,1.0
NI_500000091,2006,1000,0.0028319341480912766,0.0,0.07587066242086318,0.0,0.5156763288064343,0.0,0.08434129211715398,0.0,0.32127978250745737,0.0,0.0,0.0,0.0,1.0
NI_500000098,2006,1000,0.0,0.0,0.0,0.0,0.598905109489051,0.0,2.51698968034231E-4,0.1902089101434684,0.21063428139944623,0.0,0.0,0.0,0.0,1.0
NI_500000401,2006,1000,0.0,0.0,0.0,0.0,0.597853034822114,0.0,0.0,0.0,0.40214696517788595,0.0,0.0,0.0,0.0,1.0
NI_500000487,2006,1000,0.13187698192983344,0.0,0.0,0.0,0.43471586047214,0.0,0.17613378970151514,0.25727336789651184,0.0,0.0,0.0,0.0,0.0,1.0
NI_500000526,2006,1000,0.07710506776738862,0.0,0.0,0.0,0.40606319922479667,0.0,0.370902180889219,0.1449479632030002,9.815889155959383E-4,0.0,0.0,0.0,0.0,1.0
NI_500000715,2006,1000,0.2305494367172259,0.1825791428031973,0.0,0.0,0.4830259928252252,0.0,0.0,0.0019006860091887478,0.10194474164516336,0.0,0.0,0.0,0.0,1.0
NI_500000725,2006,1000,0.0,0.0,0.0,0.0,0.44336915758475737,0.0,0.32694873021066667,0.1984344718230097,0.03124764038156603,0.0,0.0,0.0,0.0,1.0
NI_500000729,2006,1000,0.2642891299423653,0.0,0.0,1.1325598369113835E-4,0.0,0.0,0.1722120152014698,0.5633226788815342,6.29199909395213E-5,0.0,0.0,0.0,0.0,1.0
NI_500002797,2006,1000,0.0,0.0,0.0,0.0,0.7461458110472067,0.0,0.09633899243635083,0.015102128141557283,0.14241306837488518,0.0,0.0,0.0,0.0,1.0
NI_600040091,2006,1000,0.0,0.0,0.0,0.0,0.8617400168640431,0.0,0.040675065127927616,0.0,0.09758491800802932,0.0,0.0,0.0,0.0,1.0
NI_600040261,2006,1000,0.11132923100154786,0.0,0.0,0.0,0.7012973938867709,0.0,0.0,0.0,0.18737337511168164,0.0,0.0,0.0,0.0,1.0
NI_600040281,2006,1000,0.05362446513969292,0.0,0.0,0.0,0.9047696954442489,0.0,0.0,0.0,0.04160583941605839,0.0,0.0,0.0,0.0,1.0
NI_600040341,2006,1000,0.0,0.0,0.0,0.0,0.05038696281381741,0.0,0.9039703013905491,0.045642735795633306,0.0,0.0,0.0,0.0,0.0,1.0
NI_600040611,2006,1000,0.055261203891315024,0.0,0.0,0.0,0.4860116538088826,0.0,0.24226330560414808,0.19645351690809096,0.020010319787563395,0.0,0.0,0.0,0.0,1.0
NI_600040761,2006,1000,0.0,0.0,0.0,0.0,0.07703246916687645,0.0,0.861527812735968,0.0,0.06143971809715583,0.0,0.0,0.0,0.0,1.0
NI_600041051,2006,1000,0.07499559515718994,0.0,0.0,0.0,0.874776611543205,0.0,0.0,0.014347202295552364,0.035880591004052435,0.0,0.0,0.0,0.0,1.0
NI_600041351,2006,1000,0.0,0.0,0.0,0.0,0.9354997042425464,0.0,0.0,0.003825968762978718,0.060674326994474996,0.0,0.0,0.0,0.0,1.0
NI_600041571,2006,1000,0.0,0.0,0.0,0.0,0.4770522129796258,0.0,0.0,0.30678428954356113,0.2161634974768131,0.0,0.0,0.0,0.0,1.0
NI_9610315,2006,1000,0.033799343140092364,0.0,0.0,0.0,0.0,0.0,0.9662006568599077,0.0,0.0,0.0,0.0,0.0,0.0,1.0
NI_9610319,2006,1000,0.0,0.0,0.0,0.0,0.0,0.0,1.0,0.0,0.0,0.0,0.0,0.0,0.0,1.0
NI_9610399,2006,1000,0.026980431636569546,0.0,0.0,0.0,0.9545586107091172,0.0,0.018435789341219398,2.516831309381488E-5,0.0,0.0,0.0,0.0,0.0,1.0
NI_9610751,2006,1000,0.01439699978605856,0.0,0.0,0.0,0.6697247706422017,0.0,0.2041252941694667,0.11175293540227278,0.0,0.0,0.0,0.0,0.0,1.0
NI_9610757,2006,1000,0.0,0.0,0.0,0.0,0.0,0.0,1.0,0.0,0.0,0.0,0.0,0.0,0.0,1.0
NI_9611171,2006,1000,0.010734825889430038,0.0,0.0,0.0,0.0,0.0,0.98926517411057,0.0,0.0,0.0,0.0,0.0,0.0,1.0
NI_9611187,2006,1000,0.023052724298477417,0.0,0.0,0.0,0.2749213539700517,0.0,0.7020259217314713,0.0,0.0,0.0,0.0,0.0,0.0,1.0
NI_9611197,2006,1000,0.0,0.0,0.0,0.0,0.0062553491416201,0.0,0.9937446508583799,0.0,0.0,0.0,0.0,0.0,0.0,1.0
NI_9700028,2006,1000,0.11207894869341926,0.0,0.0,0.0,0.4938573082926338,0.0,0.0,0.25886158803685616,0.1352021549770908,0.0,0.0,0.0,0.0,1.0
NI_9700043,2006,1000,0.0,0.03143640985628351,0.0,0.0,0.9029095668369783,0.0,0.0,0.054655055246532934,0.010998968060204879,0.0,0.0,0.0,0.0,1.0
NI_9700119,2006,1000,0.0,0.07867742382097143,0.0,0.0,0.9213225761790288,0.0,0.0,0.0,0.0,0.0,0.0,0.0,0.0,1.0
NI_9700155,2006,1000,0.0,0.0,0.0,0.0,0.8923096286972937,0.0,0.0,0.10769037130270608,0.0,0.0,0.0,0.0,0.0,1.0
NI_9700159,2006,1000,0.0,0.0,0.0,0.0,1.0,0.0,0.0,0.0,0.0,0.0,0.0,0.0,0.0,1.0
NI_9700211,2006,1000,0.15168221122984551,0.0,0.0,0.0,0.8483177887701542,0.0,0.0,0.0,0.0,0.0,0.0,0.0,0.0,1.0
NI_9700223,2006,1000,0.0,0.0,0.0,0.0,0.8763480777700873,0.0,0.005071415088403698,0.0,0.0,0.0,0.0,0.1185805071415088,0.0,1.0
NI_9700232,2006,1000,0.0,0.0,0.0,0.0,1.0,0.0,0.0,0.0,0.0,0.0,0.0,0.0,0.0,1.0
NI_9700246,2006,1000,0.0,0.0,0.0,0.0,0.7629723809763593,0.0,0.23702761902364133,0.0,0.0,0.0,0.0,0.0,0.0,1.0
NI_9700272,2006,1000,0.016298738892944344,0.0,0.0,0.0,0.9837012611070557,0.0,0.0,0.0,0.0,0.0,0.0,0.0,0.0,1.0
NI_9700294,2006,1000,0.0,0.0,0.0,0.0,0.44050855991943605,0.0,0.0,0.5594914400805638,0.0,0.0,0.0,0.0,0.0,1.0
NI_9840011,2006,1000,0.0,0.0,0.0,0.0,0.10800166098325176,0.0,0.8919983390167483,0.0,0.0,0.0,0.0,0.0,0.0,1.0
NI_9840081,2006,1000,0.0,0.0,0.0,0.0,0.06415773315214655,0.0,0.7652624691730836,0.0,0.17057979767476975,0.0,0.0,0.0,0.0,1.0
NI_9840391,2006,1000,0.19206423115160515,0.0,0.0,0.0,0.07106452059449052,0.0,0.5792381359878181,0.15763311226608612,0.0,0.0,0.0,0.0,0.0,1.0
NI_9841201,2006,1000,0.02302813711179343,0.0,0.0,0.0,0.0,0.0,0.9769718628882066,0.0,0.0,0.0,0.0,0.0,0.0,1.0
NI_9842671,2006,1000,0.022366549610441912,0.0,0.0,0.0,0.0,0.0,0.977633450389558,0.0,0.0,0.0,0.0,0.0,0.0,1.0
NI_9842941,2006,1000,0.0,0.0,0.0,0.0,0.14635496615415583,0.0,0.4316414605299578,0.42200357331588617,0.0,0.0,0.0,0.0,0.0,1.0
NI_9843241,2006,1000,0.0,0.0,0.0,0.0,0.0,0.0,0.024513011526652223,0.9130090099159408,0.062477978557406715,0.0,0.0,0.0,0.0,1.0
NI_100000481,2012,500,0.0,0.0,0.0,0.0,0.6592476962586236,0.0,0.0834885945918727,0.0,0.2572637091495041,0.0,0.0,0.0,0.0,1.0
NI_100000605,2012,500,0.0,0.0,0.0,0.0,1.0,0.0,0.0,0.0,0.0,0.0,0.0,0.0,0.0,1.0
NI_100000636,2012,500,0.06593794076163609,0.0,0.0,0.0,0.5695144066089058,0.0,0.36454765262945793,0.0,0.0,0.0,0.0,0.0,0.0,1.0
NI_100000742,2012,500,0.0,0.0,0.0,0.0,1.0,0.0,0.0,0.0,0.0,0.0,0.0,0.0,0.0,1.0
NI_100000816,2012,500,0.0,0.0,0.0,0.0,1.0,0.0,0.0,0.0,0.0,0.0,0.0,0.0,0.0,1.0
NI_100000836,2012,500,0.0,0.0,0.0,0.0,0.6390511684125703,0.0,0.3073630136986301,0.0,0.053585817888799334,0.0,0.0,0.0,0.0,1.0
NI_100000840,2012,500,0.0,0.0,0.0,0.0,0.8937166448494611,0.0,0.10618266035645954,0.0,1.0069479407914609E-4,0.0,0.0,0.0,0.0,1.0
NI_100000856,2012,500,0.004179886186231555,0.0,0.12212318074230749,0.0,0.7858689630860652,0.0,0.08782796998539558,0.0,0.0,0.0,0.0,0.0,0.0,1.0
NI_100000886,2012,500,0.0355271114694618,0.0,0.0,0.0,0.9644728885305386,0.0,0.0,0.0,0.0,0.0,0.0,0.0,0.0,1.0
NI_100000890,2012,500,0.0,0.0,0.0,0.0,0.9864497279871045,0.0,0.0,0.0,0.013550272012895423,0.0,0.0,0.0,0.0,1.0
NI_100000908,2012,500,0.0,0.46960769501938865,0.0,0.0,0.5303923049806115,0.0,0.0,0.0,0.0,0.0,0.0,0.0,0.0,1.0
NI_100000922,2012,500,0.0,0.0,0.0,0.0,0.9493804774856452,0.0,0.050619522514354795,0.0,0.0,0.0,0.0,0.0,0.0,1.0
NI_100000938,2012,500,0.0,0.0,0.0,0.0,1.0,0.0,0.0,0.0,0.0,0.0,0.0,0.0,0.0,1.0
NI_100000948,2012,500,0.0,0.0,0.0,0.0,0.8238167170191338,0.0,0.176183282980866,0.0,0.0,0.0,0.0,0.0,0.0,1.0
NI_119700002,2012,500,0.0,0.0,0.0,0.0,0.5394027896671536,0.0,0.46059721033284656,0.0,0.0,0.0,0.0,0.0,0.0,1.0
NI_127800015,2012,500,0.0,0.0,0.0,0.0,0.42380136986301375,0.0,0.2956285253827558,0.0,0.2805701047542305,0.0,0.0,0.0,0.0,1.0
NI_13610470,2012,500,0.05090634441087612,0.0,0.0,0.0,0.8171701913393755,0.0,0.0,0.0,0.13192346424974818,0.0,0.0,0.0,0.0,1.0
NI_200000590,2012,500,0.0,0.0,0.0,0.0,1.0,0.0,0.0,0.0,0.0,0.0,0.0,0.0,0.0,1.0
NI_200000636,2012,500,0.0,0.0,0.0,0.0,0.9996979156177624,0.0,0.0,0.0,3.0208438223743836E-4,0.0,0.0,0.0,0.0,1.0
NI_200000876,2012,500,0.033385366836195175,0.0,0.0,0.0,0.9666146331638049,0.0,0.0,0.0,0.0,0.0,0.0,0.0,0.0,1.0
NI_200000964,2012,500,0.0,0.0,0.0,0.0,0.9946637132501008,0.0,0.005336286749899315,0.0,0.0,0.0,0.0,0.0,0.0,1.0
NI_200001382,2012,500,0.0,0.0,0.0,0.0,0.8148577184588263,0.0,0.0,0.0,0.18514228154117346,0.0,0.0,0.0,0.0,1.0
NI_200001392,2012,500,0.055762643562361484,0.0,0.0,0.0,0.9442373564376385,0.0,0.0,0.0,0.0,0.0,0.0,0.0,0.0,1.0
NI_200001410,2012,500,0.0,0.0,0.0,0.0,0.9907850344931771,0.0,0.009214965506823103,0.0,0.0,0.0,0.0,0.0,0.0,1.0
NI_200001723,2012,500,0.00282101657347237,0.0,0.0,0.0,0.7580474535287895,0.0,0.0,0.0,0.23913152989773817,0.0,0.0,0.0,0.0,1.0
NI_200001725,2012,500,0.0,0.0,0.0,0.0,0.708488571140872,0.0,0.291511428859128,0.0,0.0,0.0,0.0,0.0,0.0,1.0
NI_200001731,2012,500,0.0,0.0,0.0,0.0,1.0,0.0,0.0,0.0,0.0,0.0,0.0,0.0,0.0,1.0
NI_200002154,2012,500,0.0,0.0,0.0,0.0,0.979155128140577,0.0,0.02084487185942298,0.0,0.0,0.0,0.0,0.0,0.0,1.0
NI_2412220,2012,500,0.0,0.0,0.0,0.0,1.0,0.0,0.0,0.0,0.0,0.0,0.0,0.0,0.0,1.0
NI_40000075,2012,500,0.0,0.0,0.0,0.0,1.0,0.0,0.0,0.0,0.0,0.0,0.0,0.0,0.0,1.0
NI_40000231,2012,500,0.0,0.0,0.0,0.0,1.0,0.0,0.0,0.0,0.0,0.0,0.0,0.0,0.0,1.0
NI_40000277,2012,500,0.46687141274796096,0.0,0.0,0.0,0.5028698016312556,0.0,0.030258785620783407,0.0,0.0,0.0,0.0,0.0,0.0,1.0
NI_40000285,2012,500,0.2618855761482676,0.07352941176470587,0.0,0.0,0.6645850120870266,0.0,0.0,0.0,0.0,0.0,0.0,0.0,0.0,1.0
NI_40000359,2012,500,0.0,0.0,0.0,0.0,0.3825811001410437,0.0,0.2900463429377393,0.0,0.32737255692121703,0.0,0.0,0.0,0.0,1.0
NI_40000365,2012,500,0.0,0.0,0.0,0.0,1.0,0.0,0.0,0.0,0.0,0.0,0.0,0.0,0.0,1.0
NI_40000437,2012,500,0.0,0.0,0.0,0.0,1.0,0.0,0.0,0.0,0.0,0.0,0.0,0.0,0.0,1.0
NI_40000953,2012,500,0.0,0.0,0.0,0.0,0.8303881588883852,0.0,0.16961184111161454,0.0,0.0,0.0,0.0,0.0,0.0,1.0
NI_40003417,2012,500,0.002568363801178426,0.0,0.0,0.0,0.5831696630911013,0.0,0.41426197310772017,0.0,0.0,0.0,0.0,0.0,0.0,1.0
NI_400080011,2012,500,0.13331319538841052,0.0,0.0,0.0,0.8539495544479682,0.0,0.0019634496299652613,0.0,0.010773800533655535,0.0,0.0,0.0,0.0,1.0
NI_400080032,2012,500,0.045216515609264846,0.0,0.0,0.0,0.3635951661631419,0.0,0.5877139979859013,0.0,0.0034743202416918422,0.0,0.0,0.0,0.0,1.0
NI_400080041,2012,500,0.0,0.0,0.0,0.0,0.586845948532004,0.0,0.4107871279649494,0.0,0.0023669235030467847,0.0,0.0,0.0,0.0,1.0
NI_400080051,2012,500,0.12184683550677206,0.0,0.0,0.0,0.8573082926338048,0.0,0.02084487185942299,0.0,0.0,0.0,0.0,0.0,0.0,1.0
NI_400080091,2012,500,0.0,0.0,0.0,0.0,0.5070727410017619,0.0,0.4929272589982384,0.0,0.0,0.0,0.0,0.0,0.0,1.0
NI_400080111,2012,500,0.0,0.0,0.0,0.0,0.5810756370228621,0.0,0.41892436297713753,0.0,0.0,0.0,0.0,0.0,0.0,1.0
NI_400080131,2012,500,0.0,0.0,0.0,0.0,0.5175226586102718,0.0,0.17039274924471298,0.0,0.31208459214501505,0.0,0.0,0.0,0.0,1.0
NI_400080141,2012,500,0.0,0.0,0.0,0.0,0.4727858617390865,0.0,0.09299632445496195,0.0,0.43421781380595126,0.0,0.0,0.0,0.0,1.0
NI_400080151,2012,500,0.04243858236004831,0.0,0.0,0.0,0.5923278292388238,0.0,0.36523358840112746,0.0,0.0,0.0,0.0,0.0,0.0,1.0
NI_400080161,2012,500,0.12974986159343704,0.0,0.0,0.0,0.870250138406563,0.0,0.0,0.0,0.0,0.0,0.0,0.0,0.0,1.0
NI_40501081,2012,500,0.04849186766705274,0.0,0.0,0.0,0.9515081323329474,0.0,0.0,0.0,0.0,0.0,0.0,0.0,0.0,1.0
NI_40502220,2012,500,0.3293389053924776,0.0,0.0,0.0,0.6619002064347212,0.0,0.0,0.0,0.008760888172800964,0.0,0.0,0.0,0.0,1.0
NI_40505301,2012,500,0.0,0.0,0.0,0.0,1.0,0.0,0.0,0.0,0.0,0.0,0.0,0.0,0.0,1.0
NI_40507271,2012,500,0.0,0.0,0.0,0.0,0.7306046417963049,0.0,0.2693953582036953,0.0,0.0,0.0,0.0,0.0,0.0,1.0
NI_40507391,2012,500,0.0,0.0,0.0,0.0,0.6912660458092127,0.0,0.308733954190788,0.0,0.0,0.0,0.0,0.0,0.0,1.0
NI_40507510,2012,500,0.0,0.0,0.0,0.0,0.7184148245128154,0.0,0.28158517548718465,0.0,0.0,0.0,0.0,0.0,0.0,1.0
NI_40507661,2012,500,0.0,0.0,0.0,0.0,1.0,0.0,0.0,0.0,0.0,0.0,0.0,0.0,0.0,1.0
NI_40507820,2012,500,0.0,0.0,0.0,0.0,0.7612165768669116,0.0,0.15061181328364967,0.0,0.08283397955586887,0.0,0.0,0.005337630293569665,0.0,1.0
NI_500000009,2012,500,0.34729634477897486,0.0,0.0,0.0,0.43419595206927786,0.0,0.21835666096062825,0.0,1.510421911187191E-4,0.0,0.0,0.0,0.0,1.0
NI_500000012,2012,500,0.008860695765997082,0.0,0.0,0.0,0.35045058651764593,0.0,0.6406887177163573,0.0,0.0,0.0,0.0,0.0,0.0,1.0
NI_500000015,2012,500,0.0,0.0,0.0,0.0,0.0,0.0,0.7289023162134943,0.0,0.0,0.0,0.0,0.2710976837865055,0.0,1.0
NI_500000091,2012,500,0.0,0.0,0.0,0.0,0.758738793190289,0.0,0.07318424498841541,0.0,0.16807696182129542,0.0,0.0,0.0,0.0,1.0
NI_500000098,2012,500,0.0,0.0,0.0,0.0,0.8779640537683132,0.0,0.0,0.0,0.12203594623168706,0.0,0.0,0.0,0.0,1.0
NI_500000401,2012,500,0.0,0.0,0.0,0.0,0.5276141569752806,0.0,0.0,0.0,0.208327040225545,0.26405880279917426,0.0,0.0,0.0,1.0
NI_500000487,2012,500,0.06922070076520337,0.0,0.0,0.0,0.48731373338703177,0.0,0.44346556584776475,0.0,0.0,0.0,0.0,0.0,0.0,1.0
NI_500000526,2012,500,7.047571104958468E-4,0.0,0.0,0.0,0.7648628240624212,0.0,0.2344324188270828,0.0,0.0,0.0,0.0,0.0,0.0,1.0
NI_500000715,2012,500,0.0025687518887881526,0.12289714918908023,0.0,0.0,0.8745340989221314,0.0,0.0,0.0,0.0,0.0,0.0,0.0,0.0,1.0
NI_500000725,2012,500,0.0,0.0,0.0,0.0,0.7529838344160746,0.0,0.24701616558392495,0.0,0.0,0.0,0.0,0.0,0.0,1.0
NI_500000729,2012,500,0.13563160543532962,0.0,0.0,0.0,0.45430296930045294,0.0,0.4100654252642174,0.0,0.0,0.0,0.0,0.0,0.0,1.0
NI_500002797,2012,500,0.0,0.0,0.0,0.0,0.8837361530715006,0.0,0.018680765357502523,0.0,0.097583081570997,0.0,0.0,0.0,0.0,1.0
NI_600040091,2012,500,0.0,0.0,0.0,0.0,0.9408951316518149,0.0,0.05215727734984644,0.0,0.006947590998338618,0.0,0.0,0.0,0.0,1.0
NI_600040261,2012,500,0.0320161087339542,0.0,0.0,0.0,0.913516234583438,0.0,0.0,0.0,0.054467656682607606,0.0,0.0,0.0,0.0,1.0
NI_600040281,2012,500,0.004279528748363708,0.0,0.0,0.0,0.9878662773134628,0.0,0.0,0.0,0.007854193938173394,0.0,0.0,0.0,0.0,1.0
NI_600040341,2012,500,0.0,0.0,0.0,0.0,0.0,0.0,1.0,0.0,0.0,0.0,0.0,0.0,0.0,1.0
NI_600040611,2012,500,0.0,0.0,0.0,0.0,0.6776435045317221,0.0,0.32235649546827794,0.0,0.0,0.0,0.0,0.0,0.0,1.0
NI_600040761,2012,500,0.0,0.0,0.0,0.0,0.3805207231706703,0.0,0.5989323664199023,0.0,0.020546910409427407,0.0,0.0,0.0,0.0,1.0
NI_600041051,2012,500,0.011630834298373697,0.0,0.0,0.0,0.9883691657016263,0.0,0.0,0.0,0.0,0.0,0.0,0.0,0.0,1.0
NI_600041351,2012,500,0.0,0.0,0.0,0.0,1.0,0.0,0.0,0.0,0.0,0.0,0.0,0.0,0.0,1.0
NI_600041571,2012,500,0.0,0.0,0.0,0.0,0.8109645590012083,0.0,0.0,0.0,0.18903544099879183,0.0,0.0,0.0,0.0,1.0
NI_9610315,2012,500,0.0,0.0,0.0,0.0,0.10203362528943924,0.0,0.8979663747105608,0.0,0.0,0.0,0.0,0.0,0.0,1.0
NI_9610319,2012,500,0.0,0.0,0.0,0.0,0.33390385099421116,0.0,0.6660961490057897,0.0,0.0,0.0,0.0,0.0,0.0,1.0
NI_9610399,2012,500,0.0,0.0,0.0,0.0,0.7306685461135722,0.0,0.26933145388642765,0.0,0.0,0.0,0.0,0.0,0.0,1.0
NI_9610751,2012,500,0.0,0.0,0.0,0.0,0.7878070881997583,0.0,0.21219291180024163,0.0,0.0,0.0,0.0,0.0,0.0,1.0
NI_9610757,2012,500,0.0,0.0,0.0,0.0,0.10784955440310154,0.0,0.8921504455968984,0.0,0.0,0.0,0.0,0.0,0.0,1.0
NI_9611171,2012,500,0.0,0.0,0.0,0.0,0.0,0.0,1.0,0.0,0.0,0.0,0.0,0.0,0.0,1.0
NI_9611187,2012,500,0.0,0.0,0.0,0.0,0.5089114892760045,0.0,0.49108851072399573,0.0,0.0,0.0,0.0,0.0,0.0,1.0
NI_9611197,2012,500,0.0,0.0,0.0,0.0,0.039236425909136695,0.0,0.9607635740908632,0.0,0.0,0.0,0.0,0.0,0.0,1.0
NI_9700028,2012,500,0.1879437981568213,0.0,0.0,0.0,0.6539255678098405,0.0,0.0,0.0,0.15813063403333838,0.0,0.0,0.0,0.0,1.0
NI_9700043,2012,500,0.12673077891344844,0.007653189668193946,0.0,0.0,0.8656160314183576,0.0,0.0,0.0,0.0,0.0,0.0,0.0,0.0,1.0
NI_9700119,2012,500,0.0,0.0920853891853791,0.0,0.0,0.9079146108146209,0.0,0.0,0.0,0.0,0.0,0.0,0.0,0.0,1.0
NI_9700155,2012,500,0.0,0.0,0.0,0.0,1.0,0.0,0.0,0.0,0.0,0.0,0.0,0.0,0.0,1.0
NI_9700159,2012,500,0.0,0.0,0.0,0.0,0.9615307150050352,0.03846928499496474,0.0,0.0,0.0,0.0,0.0,0.0,0.0,1.0
NI_9700211,2012,500,0.034435885817852285,6.544832099884207E-4,0.0,0.0,0.9649096309721593,0.0,0.0,0.0,0.0,0.0,0.0,0.0,0.0,1.0
NI_9700223,2012,500,0.0,0.0,0.0,0.0,0.6994915168907011,0.0,0.22614912148215263,0.0,0.0,0.0,0.0,0.07435936162714592,0.0,1.0
NI_9700232,2012,500,0.0,0.0,0.0,0.0,1.0,0.0,0.0,0.0,0.0,0.0,0.0,0.0,0.0,1.0
NI_9700246,2012,500,0.009621196856739872,0.0,0.0,0.0,0.9504835784807576,0.0,0.03989522466250251,0.0,0.0,0.0,0.0,0.0,0.0,1.0
NI_9700272,2012,500,0.0,0.0,0.0,0.0,1.0,0.0,0.0,0.0,0.0,0.0,0.0,0.0,0.0,1.0
NI_9700294,2012,500,0.0,0.0,0.0,0.0,0.6586582048957393,0.0,0.34134179510426127,0.0,0.0,0.0,0.0,0.0,0.0,1.0
NI_9840011,2012,500,0.0,0.0,0.0,0.0,0.04439969796123836,0.0,0.9556003020387617,0.0,0.0,0.0,0.0,0.0,0.0,1.0
NI_9840081,2012,500,0.0,0.0,0.0,0.0,0.05174930782783791,0.0,0.901132645356154,0.0,0.04711804681600805,0.0,0.0,0.0,0.0,1.0
NI_9840391,2012,500,0.034189325276938576,0.0,0.0,0.0,0.0029707955689828812,0.0,0.9628398791540788,0.0,0.0,0.0,0.0,0.0,0.0,1.0
NI_9841201,2012,500,0.0,0.0,0.0,0.0,0.0,0.0,1.0,0.0,0.0,0.0,0.0,0.0,0.0,1.0
NI_9842671,2012,500,0.0,0.0,0.0,0.0,0.0,0.0,1.0,0.0,0.0,0.0,0.0,0.0,0.0,1.0
NI_9842941,2012,500,0.0,0.0,0.0,0.0,0.4436279444332595,0.0,0.5563720555667403,0.0,0.0,0.0,0.0,0.0,0.0,1.0
NI_9843241,2012,500,0.0,0.0,0.0,0.0,0.2474200855776491,0.0,0.7525799144223508,0.0,0.0,0.0,0.0,0.0,0.0,1.0
NI_100000481,2012,1000,0.0,0.0,0.0,0.0,0.5634701816671077,0.0,0.0634009391799172,0.0,0.37312887915297577,0.0,0.0,0.0,0.0,1.0
NI_100000605,2012,1000,0.0,0.0,0.0,0.0,0.951755048597472,0.0,0.048244951402528075,0.0,0.0,0.0,0.0,0.0,0.0,1.0
NI_100000636,2012,1000,0.07451093934892619,0.0,0.0,0.0,0.42801933583423557,0.0,0.418829779198872,0.0,0.07863994561796618,0.0,0.0,0.0,0.0,1.0
NI_100000742,2012,1000,0.02353592690017997,0.0,0.0,0.0,0.9764640730998199,0.0,0.0,0.0,0.0,0.0,0.0,0.0,0.0,1.0
NI_100000816,2012,1000,0.024126560612162704,0.0,0.0,0.0,0.9160164115988723,0.0,0.027877064035440994,0.0,0.0,0.0,0.0,0.0,0.03197996375352396,1.0
NI_100000836,2012,1000,0.03902021498879741,0.0,0.0,0.0,0.3617677416106536,0.0,0.3372731163305893,0.0,0.26193892706995936,0.0,0.0,0.0,0.0,1.0
NI_100000840,2012,1000,0.07230068222440401,0.0,0.0,0.0,0.626312212068575,0.0,0.1914759710998666,0.0,0.10991113460715456,0.0,0.0,0.0,0.0,1.0
NI_100000856,2012,1000,0.06245751831432669,0.0,0.08345291141152479,0.0,0.7601137879817736,0.0,0.07261536137753945,0.0,0.021360420914835226,0.0,0.0,0.0,0.0,1.0
NI_100000886,2012,1000,0.16350475231321204,0.0,0.0,0.0,0.8161893371939322,0.0,0.020305910492855794,0.0,0.0,0.0,0.0,0.0,0.0,1.0
NI_100000890,2012,1000,0.0,0.0,0.0,0.0,0.8277533039647572,0.0,0.0,0.0,0.1722466960352422,0.0,0.0,0.0,0.0,1.0
NI_100000908,2012,1000,0.0,0.38659047714943784,0.0,0.0,0.47429233112232694,0.0,0.07376873796427985,0.0,0.06534845376395512,0.0,0.0,0.0,0.0,1.0
NI_100000922,2012,1000,0.0,0.0,0.0,0.0,0.9261986581574212,0.0,0.07380134184257896,0.0,0.0,0.0,0.0,0.0,0.0,1.0
NI_100000938,2012,1000,0.0,0.0,0.0,0.0,0.999546879130008,0.0,0.0,0.0,0.0,4.531208699920704E-4,0.0,0.0,0.0,1.0
NI_100000948,2012,1000,0.0035120845921450153,0.0,0.0,0.0,0.8567346424974824,0.0,0.1397532729103726,0.0,0.0,0.0,0.0,0.0,0.0,1.0
NI_119700002,2012,1000,0.0,0.03601278888273501,0.0,0.0010699360555863249,0.6744373395095918,0.0,0.288479935552087,0.0,0.0,0.0,0.0,0.0,0.0,1.0
NI_127800015,2012,1000,0.0,0.0,0.0,0.0,0.43905693390229467,0.0,0.3526679506060949,0.0,0.2082751154916103,0.0,0.0,0.0,0.0,1.0
NI_13610470,2012,1000,0.13272587688938667,0.021244194973381824,0.0,0.0,0.6870131014259284,0.0,0.0,0.0,0.15901682671130293,0.0,0.0,0.0,0.0,1.0
NI_200000590,2012,1000,0.0,0.0,0.0,0.0,1.0,0.0,0.0,0.0,0.0,0.0,0.0,0.0,0.0,1.0
NI_200000636,2012,1000,0.0,0.0,0.0,0.0,0.9481625975333502,0.0,0.0,0.0,0.05183740246664988,0.0,0.0,0.0,0.0,1.0
NI_200000876,2012,1000,0.17321972462053528,0.0,0.0,0.0,0.8267802753794652,0.0,0.0,0.0,0.0,0.0,0.0,0.0,0.0,1.0
NI_200000964,2012,1000,0.026392629697686715,0.0,0.0,0.0,0.7916152742467343,0.0,0.18199209605557934,0.0,0.0,0.0,0.0,0.0,0.0,1.0
NI_200001382,2012,1000,0.0,0.0,0.0,0.0,0.4840520605190947,0.0,0.04642146867054351,0.0,0.46952647081036164,0.0,0.0,0.0,0.0,1.0
NI_200001392,2012,1000,0.0677744209466264,0.0,0.0,0.0,0.8902316213494461,0.0,0.0419939577039275,0.0,0.0,0.0,0.0,0.0,0.0,1.0
NI_200001410,2012,1000,0.0,0.0,0.0,0.0,0.9283997231137122,0.0,0.07160027688628783,0.0,0.0,0.0,0.0,0.0,0.0,1.0
NI_200001723,2012,1000,0.044782318661816714,0.0,0.0,0.0,0.6125284766711558,0.0,0.02417842443770374,0.0,0.31851078022932366,0.0,0.0,0.0,0.0,1.0
NI_200001725,2012,1000,0.0,0.0,0.0,0.0,0.6268123238018527,0.0,0.37318767619814747,0.0,0.0,0.0,0.0,0.0,0.0,1.0
NI_200001731,2012,1000,0.0,0.0,0.0,0.0,0.9718208819975837,0.0,0.02817911800241643,0.0,0.0,0.0,0.0,0.0,0.0,1.0
NI_200002154,2012,1000,0.02912486941636984,0.0,0.0,0.0,0.8035896338623808,0.0,0.14586348818768805,0.0,0.021422008533561566,0.0,0.0,0.0,0.0,1.0
NI_2412220,2012,1000,0.0,0.0,0.0,0.0,1.0,0.0,0.0,0.0,0.0,0.0,0.0,0.0,0.0,1.0
NI_40000075,2012,1000,0.0,0.0,0.0,0.0,0.9413363875498719,0.0,0.0,0.0,0.05866361245012776,0.0,0.0,0.0,0.0,1.0
NI_40000231,2012,1000,0.0,0.0,0.0,0.0,0.8103526391301061,0.0,0.0,0.0,0.18964736086989342,0.0,0.0,0.0,0.0,1.0
NI_40000277,2012,1000,0.2797482693517937,0.0,0.0,0.0,0.531013215859031,0.0,0.18923851478917567,0.0,0.0,0.0,0.0,0.0,0.0,1.0
NI_40000285,2012,1000,0.32597860289490244,0.21468848332284457,0.0,0.0,0.3311139081183133,0.0,0.1282190056639396,0.0,0.0,0.0,0.0,0.0,0.0,1.0
NI_40000359,2012,1000,0.01903227430642968,0.0,0.0,0.0,0.38041891143446943,0.0,0.15361764261618244,0.0,0.4469311716429183,0.0,0.0,0.0,0.0,1.0
NI_40000365,2012,1000,4.78300271875944E-4,0.0,0.0,0.0,0.999521699728124,0.0,0.0,0.0,0.0,0.0,0.0,0.0,0.0,1.0
NI_40000437,2012,1000,0.0,0.0,0.0,0.0,0.9942725510435287,0.0,0.005727448956471389,0.0,0.0,0.0,0.0,0.0,0.0,1.0
NI_40000953,2012,1000,0.0,0.0,0.0,0.0,0.6852352963387162,0.0,0.25170855726026714,0.0,0.0,0.0,0.0,0.0,0.06305614640101696,1.0
NI_40003417,2012,1000,0.09603232547015432,0.0,0.0,0.0,0.47720349437325355,0.0,0.42676418015659234,0.0,0.0,0.0,0.0,0.0,0.0,1.0
NI_400080011,2012,1000,0.09459391437847635,0.0,0.0,0.0,0.6048876248961821,0.0,0.2001736591749931,0.0,0.10034480155034861,0.0,0.0,0.0,0.0,1.0
NI_400080032,2012,1000,0.08060355133835875,0.0,0.0,0.0,0.43021280344311214,0.0,0.3622314788014549,0.0,0.12695216641707466,0.0,0.0,0.0,0.0,1.0
NI_400080041,2012,1000,0.005575202305591563,0.0,0.0,0.0,0.5432864747857385,0.0,0.3562843730729055,0.0,0.09485394983576434,0.0,0.0,0.0,0.0,1.0
NI_400080051,2012,1000,0.16468263955302764,0.0,0.0,0.0,0.7759978859415108,0.0,0.045364171742084854,0.0,0.01395530276337645,0.0,0.0,0.0,0.0,1.0
NI_400080091,2012,1000,0.0,0.0,0.0,0.0,0.37514156997961395,0.0,0.624858430020386,0.0,0.0,0.0,0.0,0.0,0.0,1.0
NI_400080111,2012,1000,0.0,0.0,0.0,0.0,0.4044470170758411,0.0,0.40764323195208196,0.0,0.0,0.0,0.0,0.12638890636600436,0.06152084460607281,1.0
NI_400080131,2012,1000,0.0,0.0,0.0,0.0,0.39039122173426094,0.0,0.32280511897721115,0.0,0.28680365928852747,0.0,0.0,0.0,0.0,1.0
NI_400080141,2012,1000,0.0,0.0,0.0,0.0,0.39342880153017573,0.0,0.16566416670861225,0.0,0.44090703176121215,0.0,0.0,0.0,0.0,1.0
NI_400080151,2012,1000,0.24071417786501578,0.00119532940761991,0.0,0.0,0.23438522321203875,0.0,0.42839347727615873,0.0,0.0328904323317731,0.06120086567013939,0.0,0.0012204942372540132,0.0,1.0
NI_400080161,2012,1000,0.14252277646348213,0.0,0.0,0.0,0.7021065082800624,0.0,0.15470378013791714,0.0,6.669351185382795E-4,0.0,0.0,0.0,0.0,1.0
NI_40501081,2012,1000,0.0563078936770036,0.0,0.0,0.0,0.9436921063229962,0.0,0.0,0.0,0.0,0.0,0.0,0.0,0.0,1.0
NI_40502220,2012,1000,0.3627268379854521,0.0,0.0,0.0,0.5772570536860387,0.0,0.0,0.0,0.060016108328509225,0.0,0.0,0.0,0.0,1.0
NI_40505301,2012,1000,0.0,0.0,0.0,0.0,1.0,0.0,0.0,0.0,0.0,0.0,0.0,0.0,0.0,1.0
NI_40507271,2012,1000,0.0,0.0,0.0,0.0,0.8243585064747114,0.0,0.1756414935252885,0.0,0.0,0.0,0.0,0.0,0.0,1.0
NI_40507391,2012,1000,0.0,0.0,0.0,0.0,0.7563397475427578,0.0,0.21484035792043688,0.0,0.028819894536805127,0.0,0.0,0.0,0.0,1.0
NI_40507510,2012,1000,0.0,0.0,0.0,0.0,0.8386199431060088,0.0,0.15635777760994887,0.0,0.005022279284041991,0.0,0.0,0.0,0.0,1.0
NI_40507661,2012,1000,0.0,0.0,0.0,0.0,0.9736020544323875,0.0,0.026397945567612484,0.0,0.0,0.0,0.0,0.0,0.0,1.0
NI_40507820,2012,1000,0.0,0.0,0.0,0.0,0.3668298699827566,0.0,0.29901448691646415,0.0,0.24085285270166512,0.0,0.0,0.0933027903991139,0.0,1.0
NI_500000009,2012,1000,0.3701279905359998,0.0960747051938736,0.0,0.004417372481405506,0.2652688808064538,0.0,0.18021872915591694,0.0,0.08389232182635072,0.0,0.0,0.0,0.0,1.0
NI_500000012,2012,1000,0.05071606554076165,0.0,0.0,0.0,0.3233998640859784,0.0,0.6258840703732603,0.0,0.0,0.0,0.0,0.0,0.0,1.0
NI_500000015,2012,1000,0.0,0.0,0.0,0.0,0.0,0.0,0.8397387496224707,0.0,0.0,0.0,0.0,0.16026125037752945,0.0,1.0
NI_500000091,2012,1000,0.005726800166140136,0.0,0.07380649708625442,0.0,0.5458206945161169,0.0,0.09436004581440133,0.0,0.28028596241708725,0.0,0.0,0.0,0.0,1.0
NI_500000098,2012,1000,0.0,0.0,0.0,0.0,0.7468789327963754,0.0,0.026440976591995968,0.0,0.22668009061162844,0.0,0.0,0.0,0.0,1.0
NI_500000401,2012,1000,0.0,0.0,0.0,0.0,0.449641962723852,0.0,0.0,0.0,0.41972791683970756,0.13063012043644048,0.0,0.0,0.0,1.0
NI_500000487,2012,1000,0.17269844465696885,0.0,0.0,0.0,0.5065183470076008,0.0,0.2543036190667942,0.0,0.0,0.06647958926863644,0.0,0.0,0.0,1.0
NI_500000526,2012,1000,0.09588110189648016,0.0,0.0,0.0,0.5468205328265987,0.0,0.35631677636132547,0.0,9.815889155959383E-4,0.0,0.0,0.0,0.0,1.0
NI_500000715,2012,1000,0.1386745547233936,0.24932972496695838,0.0,0.0,0.48948329032664134,0.0,0.015079614827868341,0.0,0.1074328151551388,0.0,0.0,0.0,0.0,1.0
NI_500000725,2012,1000,0.0,0.0,0.0,0.0,0.6226498200397675,0.0,0.3436359517756915,0.0,0.033714228184541034,0.0,0.0,0.0,0.0,1.0
NI_500000729,2012,1000,0.27517428837490254,0.025847532277955353,0.0,0.0,0.19977097123298013,0.0,0.49914428812322237,0.0,6.29199909395213E-5,0.0,0.0,0.0,0.0,1.0
NI_500002797,2012,1000,0.0,0.0,0.0,0.0,0.7192766080620194,0.0,0.09798764142513748,0.0,0.1827357505128431,0.0,0.0,0.0,0.0,1.0
NI_600040091,2012,1000,0.0,0.0,0.0,0.0,0.8072087491662366,0.0,0.09199713059565312,0.0,0.10079412023811024,0.0,0.0,0.0,0.0,1.0
NI_600040261,2012,1000,0.1367737551436446,0.0,0.0,0.0,0.6074219487334367,0.0,0.09027646696112854,0.0,0.16552782916179049,0.0,0.0,0.0,0.0,1.0
NI_600040281,2012,1000,0.04413541404480241,0.0,0.0,0.0,0.9005411527812738,0.0,0.0,0.0,0.05532343317392397,0.0,0.0,0.0,0.0,1.0
NI_600040341,2012,1000,0.0,0.0,0.0,0.0,0.028767381866230412,0.0,0.9712326181337697,0.0,0.0,0.0,0.0,0.0,0.0,1.0
NI_600040611,2012,1000,0.020375287884317698,0.0,0.0,0.0,0.4940912923646157,0.0,0.47142551504549507,0.0,0.014107904705571427,0.0,0.0,0.0,0.0,1.0
NI_600040761,2012,1000,0.0,0.0,0.0,0.0,0.3125975333501135,0.0,0.6034986156556761,0.0,0.08390385099421098,0.0,0.0,0.0,0.0,1.0
NI_600041051,2012,1000,0.06511616199753327,0.0,0.0,0.0,0.9131239145208786,0.0,0.0,0.0,0.02175992348158775,0.0,0.0,0.0,0.0,1.0
NI_600041351,2012,1000,0.0,0.0,0.0,0.0,0.9282001585763369,0.0,0.003976993845727877,0.0,0.06782284757793523,0.0,0.0,0.0,0.0,1.0
NI_600041571,2012,1000,0.0,0.0,0.0,0.0,0.6226293998464695,0.0,0.011527377521613834,0.0,0.3658432226319167,0.0,0.0,0.0,0.0,1.0
NI_9610315,2012,1000,0.02890435264065233,0.0,0.0,0.0,0.11705193219997735,0.0,0.8540437151593705,0.0,0.0,0.0,0.0,0.0,0.0,1.0
NI_9610319,2012,1000,0.0,0.0,0.0,0.0,0.17409467247150012,0.0,0.8259053275284999,0.0,0.0,0.0,0.0,0.0,0.0,1.0
NI_9610399,2012,1000,0.06313471339583462,0.0,0.0,0.0,0.8460957654313217,0.0,0.09076952117284336,0.0,0.0,0.0,0.0,0.0,0.0,1.0
NI_9610751,2012,1000,0.08191439825826503,0.0,0.0,0.0,0.5545110179836649,0.0,0.36357458375806984,0.0,0.0,0.0,0.0,0.0,0.0,1.0
NI_9610757,2012,1000,0.0,0.0,0.0,0.0,0.15254514566161204,0.0,0.8474548543383879,0.0,0.0,0.0,0.0,0.0,0.0,1.0
NI_9611171,2012,1000,0.010734825889430038,0.0,0.0,0.0,0.0,0.0,0.98926517411057,0.0,0.0,0.0,0.0,0.0,0.0,1.0
NI_9611187,2012,1000,0.040166100415251045,0.0,0.0,0.0,0.2669435006920852,0.0,0.6928903988926641,0.0,0.0,0.0,0.0,0.0,0.0,1.0
NI_9611197,2012,1000,0.0,0.0,0.0,0.0,0.09381765090872478,0.0,0.9061823490912754,0.0,0.0,0.0,0.0,0.0,0.0,1.0
NI_9700028,2012,1000,0.16516036453350785,0.0,0.0,0.0,0.6580358491516036,0.0,0.0,0.0,0.17680378631488847,0.0,0.0,0.0,0.0,1.0
NI_9700043,2012,1000,0.08215247539704514,0.13520928242430344,0.0,0.0,0.7691475170521757,0.0,9.312627419395435E-4,0.0,0.012559462384536004,0.0,0.0,0.0,0.0,1.0
NI_9700119,2012,1000,0.04256711683930977,0.07836276447118351,0.0,0.0,0.8790701186895069,0.0,0.0,0.0,0.0,0.0,0.0,0.0,0.0,1.0
NI_9700155,2012,1000,0.0,0.0,0.0,0.0,0.9812460667086217,0.0,0.01875393329137822,0.0,0.0,0.0,0.0,0.0,0.0,1.0
NI_9700159,2012,1000,0.0,0.0,0.0,0.0,0.9032331139329718,0.09676688606702831,0.0,0.0,0.0,0.0,0.0,0.0,0.0,1.0
NI_9700211,2012,1000,0.1401150423542146,0.044481365404221554,0.0,0.0,0.8154035922415634,0.0,0.0,0.0,0.0,0.0,0.0,0.0,0.0,1.0
NI_9700223,2012,1000,0.0,0.0,0.0,0.0,0.7287485056314099,0.0,0.13526709872270803,0.0,0.0,0.0,0.0,0.13598439564588174,0.0,1.0
NI_9700232,2012,1000,0.0,0.0,0.0,0.0,1.0,0.0,0.0,0.0,0.0,0.0,0.0,0.0,0.0,1.0
NI_9700246,2012,1000,0.032327097862483965,0.0,0.0,0.0,0.8562652634759187,0.0,0.11140763866159778,0.0,0.0,0.0,0.0,0.0,0.0,1.0
NI_9700272,2012,1000,0.035404133209152464,0.0,0.0,0.0,0.9645958667908476,0.0,0.0,0.0,0.0,0.0,0.0,0.0,0.0,1.0
NI_9700294,2012,1000,0.0,0.0,0.0,0.0,0.7456193353474319,0.0,0.254380664652568,0.0,0.0,0.0,0.0,0.0,0.0,1.0
NI_9840011,2012,1000,0.0,0.0,0.0,0.0,0.12042128575203535,0.0,0.879578714247965,0.0,0.0,0.0,0.0,0.0,0.0,1.0
NI_9840081,2012,1000,0.0,0.0,0.0,0.0,0.14075947455835722,0.0,0.6764809502239669,0.0,0.18275957521767577,0.0,0.0,0.0,0.0,1.0
NI_9840391,2012,1000,0.19444269660093377,0.0,0.0,0.0,0.07949611768999408,0.0,0.7260611857090721,0.0,0.0,0.0,0.0,0.0,0.0,1.0
NI_9841201,2012,1000,0.009261589570644787,0.0,0.0,0.0,0.026287310615593695,0.0,0.9644510998137615,0.0,0.0,0.0,0.0,0.0,0.0,1.0
NI_9842671,2012,1000,0.016752885498873486,0.0,0.0,0.0,0.068131757479641,0.0,0.9151153570214854,0.0,0.0,0.0,0.0,0.0,0.0,1.0
NI_9842941,2012,1000,0.0,0.0,0.0,0.0,0.4554719545031329,0.0,0.5445280454968668,0.0,0.0,0.0,0.0,0.0,0.0,1.0
NI_9843241,2012,1000,0.0,0.0,0.0,0.0,0.3871243771077665,0.0,0.5453012533346753,0.0,0.06757436955755772,0.0,0.0,0.0,0.0,1.0
NI_100000481,2018,500,0.0,0.0,0.0,0.0,0.6592476962586236,0.0,0.0834885945918727,0.0,0.2572637091495041,0.0,0.0,0.0,0.0,1.0
NI_100000605,2018,500,0.0,0.0,0.0,0.0,1.0,0.0,0.0,0.0,0.0,0.0,0.0,0.0,0.0,1.0
NI_100000636,2018,500,0.06593794076163609,0.0,0.0,0.0,0.5695144066089058,0.0,0.36454765262945793,0.0,0.0,0.0,0.0,0.0,0.0,1.0
NI_100000742,2018,500,0.0,0.0,0.0,0.0,1.0,0.0,0.0,0.0,0.0,0.0,0.0,0.0,0.0,1.0
NI_100000816,2018,500,0.0,0.0,0.0,0.0,1.0,0.0,0.0,0.0,0.0,0.0,0.0,0.0,0.0,1.0
NI_100000836,2018,500,0.0,0.0,0.0,0.0,0.6390511684125703,0.0,0.3073630136986301,0.0,0.053585817888799334,0.0,0.0,0.0,0.0,1.0
NI_100000840,2018,500,0.0,0.0,0.0,0.0,0.8937166448494611,0.0,0.10618266035645954,0.0,1.0069479407914609E-4,0.0,0.0,0.0,0.0,1.0
NI_100000856,2018,500,0.004179886186231555,0.0,0.12212318074230749,0.0,0.7858689630860652,0.0,0.08782796998539558,0.0,0.0,0.0,0.0,0.0,0.0,1.0
NI_100000886,2018,500,0.0355271114694618,0.0,0.0,0.0,0.9644728885305386,0.0,0.0,0.0,0.0,0.0,0.0,0.0,0.0,1.0
NI_100000890,2018,500,0.0,0.0,0.0,0.0,0.9864497279871045,0.0,0.0,0.0,0.013550272012895423,0.0,0.0,0.0,0.0,1.0
NI_100000908,2018,500,0.0,0.46960769501938865,0.0,0.0,0.5303923049806115,0.0,0.0,0.0,0.0,0.0,0.0,0.0,0.0,1.0
NI_100000922,2018,500,0.0,0.0,0.0,0.0,0.9493804774856452,0.0,0.050619522514354795,0.0,0.0,0.0,0.0,0.0,0.0,1.0
NI_100000938,2018,500,0.0,0.0,0.0,0.0,1.0,0.0,0.0,0.0,0.0,0.0,0.0,0.0,0.0,1.0
NI_100000948,2018,500,0.0,0.0,0.0,0.0,0.8238167170191338,0.0,0.176183282980866,0.0,0.0,0.0,0.0,0.0,0.0,1.0
NI_119700002,2018,500,0.0,0.0,0.0,0.0,0.5394027896671536,0.0,0.46059721033284656,0.0,0.0,0.0,0.0,0.0,0.0,1.0
NI_127800015,2018,500,0.0,0.0,0.0,0.0,0.42380136986301375,0.0,0.2956285253827558,0.0,0.2805701047542305,0.0,0.0,0.0,0.0,1.0
NI_13610470,2018,500,0.05090634441087612,0.0,0.0,0.0,0.8171701913393755,0.0,0.0,0.0,0.13192346424974818,0.0,0.0,0.0,0.0,1.0
NI_200000590,2018,500,0.0,0.0,0.0,0.0,1.0,0.0,0.0,0.0,0.0,0.0,0.0,0.0,0.0,1.0
NI_200000636,2018,500,0.0,0.0,0.0,0.0,0.9996979156177624,0.0,0.0,0.0,3.0208438223743836E-4,0.0,0.0,0.0,0.0,1.0
NI_200000876,2018,500,0.033385366836195175,0.0,0.0,0.0,0.9666146331638049,0.0,0.0,0.0,0.0,0.0,0.0,0.0,0.0,1.0
NI_200000964,2018,500,0.0,0.0,0.0,0.0,0.9946637132501008,0.0,0.005336286749899315,0.0,0.0,0.0,0.0,0.0,0.0,1.0
NI_200001382,2018,500,0.0,0.0,0.0,0.0,0.8148577184588263,0.0,0.0,0.0,0.18514228154117346,0.0,0.0,0.0,0.0,1.0
NI_200001392,2018,500,0.06860769695748542,0.0,0.0,0.0,0.9313923030425147,0.0,0.0,0.0,0.0,0.0,0.0,0.0,0.0,1.0
NI_200001410,2018,500,0.0,0.0,0.0,0.0,0.9907850344931771,0.0,0.009214965506823103,0.0,0.0,0.0,0.0,0.0,0.0,1.0
NI_200001723,2018,500,0.00282101657347237,0.0,0.0,0.0,0.7580474535287895,0.0,0.0,0.0,0.23913152989773817,0.0,0.0,0.0,0.0,1.0
NI_200001725,2018,500,0.0,0.0,0.0,0.0,0.708488571140872,0.0,0.291511428859128,0.0,0.0,0.0,0.0,0.0,0.0,1.0
NI_200001731,2018,500,0.0,0.0,0.0,0.0,1.0,0.0,0.0,0.0,0.0,0.0,0.0,0.0,0.0,1.0
NI_200002154,2018,500,0.0,0.0,0.0,0.0,0.979155128140577,0.0,0.02084487185942298,0.0,0.0,0.0,0.0,0.0,0.0,1.0
NI_2412220,2018,500,0.0,0.0,0.0,0.0,1.0,0.0,0.0,0.0,0.0,0.0,0.0,0.0,0.0,1.0
NI_40000075,2018,500,0.0,0.0,0.0,0.0,1.0,0.0,0.0,0.0,0.0,0.0,0.0,0.0,0.0,1.0
NI_40000231,2018,500,0.0,0.0,0.0,0.0,1.0,0.0,0.0,0.0,0.0,0.0,0.0,0.0,0.0,1.0
NI_40000277,2018,500,0.46687141274796096,0.0,0.0,0.0,0.5028698016312556,0.0,0.030258785620783407,0.0,0.0,0.0,0.0,0.0,0.0,1.0
NI_40000285,2018,500,0.2618855761482676,0.07352941176470587,0.0,0.0,0.6645850120870266,0.0,0.0,0.0,0.0,0.0,0.0,0.0,0.0,1.0
NI_40000359,2018,500,0.0,0.0,0.0,0.0,0.3825811001410437,0.0,0.2900463429377393,0.0,0.32737255692121703,0.0,0.0,0.0,0.0,1.0
NI_40000365,2018,500,0.0,0.0,0.0,0.0,1.0,0.0,0.0,0.0,0.0,0.0,0.0,0.0,0.0,1.0
NI_40000437,2018,500,0.0,0.0,0.0,0.0,1.0,0.0,0.0,0.0,0.0,0.0,0.0,0.0,0.0,1.0
NI_40000953,2018,500,0.0,0.0,0.0,0.0,0.8303881588883852,0.0,0.16961184111161454,0.0,0.0,0.0,0.0,0.0,0.0,1.0
NI_40003417,2018,500,0.002568363801178426,0.0,0.0,0.0,0.5831696630911013,0.0,0.41426197310772017,0.0,0.0,0.0,0.0,0.0,0.0,1.0
NI_400080011,2018,500,0.13331319538841052,0.0,0.0,0.0,0.8539495544479682,0.0,0.0019634496299652613,0.0,0.010773800533655535,0.0,0.0,0.0,0.0,1.0
NI_400080032,2018,500,0.045216515609264846,0.0,0.0,0.0,0.3635951661631419,0.0,0.5877139979859013,0.0,0.0034743202416918422,0.0,0.0,0.0,0.0,1.0
NI_400080041,2018,500,0.0,0.0,0.0,0.0,0.586845948532004,0.0,0.4107871279649494,0.0,0.0023669235030467847,0.0,0.0,0.0,0.0,1.0
NI_400080051,2018,500,0.12184683550677206,0.0,0.0,0.0,0.8573082926338048,0.0,0.02084487185942299,0.0,0.0,0.0,0.0,0.0,0.0,1.0
NI_400080091,2018,500,0.0,0.0,0.0,0.0,0.5070727410017619,0.0,0.4929272589982384,0.0,0.0,0.0,0.0,0.0,0.0,1.0
NI_400080111,2018,500,0.0,0.0,0.0,0.0,0.5810756370228621,0.0,0.41892436297713753,0.0,0.0,0.0,0.0,0.0,0.0,1.0
NI_400080131,2018,500,0.0,0.0,0.0,0.0,0.5175226586102718,0.0,0.17039274924471298,0.0,0.31208459214501505,0.0,0.0,0.0,0.0,1.0
NI_400080141,2018,500,0.0,0.0,0.0,0.0,0.4727858617390865,0.0,0.09299632445496195,0.0,0.43421781380595126,0.0,0.0,0.0,0.0,1.0
NI_400080151,2018,500,0.04243858236004831,0.0,0.0,0.0,0.5923278292388238,0.0,0.36523358840112746,0.0,0.0,0.0,0.0,0.0,0.0,1.0
NI_400080161,2018,500,0.12974986159343704,0.0,0.0,0.0,0.870250138406563,0.0,0.0,0.0,0.0,0.0,0.0,0.0,0.0,1.0
NI_40501081,2018,500,0.04849186766705274,0.0,0.0,0.0,0.9515081323329474,0.0,0.0,0.0,0.0,0.0,0.0,0.0,0.0,1.0
NI_40502220,2018,500,0.36755450380141974,0.0,0.0,0.0,0.6236846080257791,0.0,0.0,0.0,0.008760888172800964,0.0,0.0,0.0,0.0,1.0
NI_40505301,2018,500,0.0,0.0,0.0,0.0,1.0,0.0,0.0,0.0,0.0,0.0,0.0,0.0,0.0,1.0
NI_40507271,2018,500,0.0,0.0,0.0,0.0,0.7306046417963049,0.0,0.2693953582036953,0.0,0.0,0.0,0.0,0.0,0.0,1.0
NI_40507391,2018,500,0.0,0.0,0.0,0.0,0.6912660458092127,0.0,0.308733954190788,0.0,0.0,0.0,0.0,0.0,0.0,1.0
NI_40507510,2018,500,0.0,0.0,0.0,0.0,0.7184148245128154,0.0,0.28158517548718465,0.0,0.0,0.0,0.0,0.0,0.0,1.0
NI_40507661,2018,500,0.0,0.0,0.0,0.0,1.0,0.0,0.0,0.0,0.0,0.0,0.0,0.0,0.0,1.0
NI_40507820,2018,500,0.0,0.0,0.0,0.0,0.7612165768669116,0.0,0.15061181328364967,0.0,0.08283397955586887,0.0,0.0,0.005337630293569665,0.0,1.0
NI_500000009,2018,500,0.34729634477897486,0.0,0.0,0.0,0.43419595206927786,0.0,0.21835666096062825,0.0,1.510421911187191E-4,0.0,0.0,0.0,0.0,1.0
NI_500000012,2018,500,0.008860695765997082,0.0,0.0,0.0,0.35045058651764593,0.0,0.6406887177163573,0.0,0.0,0.0,0.0,0.0,0.0,1.0
NI_500000015,2018,500,0.0,0.0,0.0,0.0,0.0,0.0,0.7289023162134943,0.0,0.0,0.0,0.0,0.2710976837865055,0.0,1.0
NI_500000091,2018,500,0.0,0.0,0.0,0.0,0.758738793190289,0.0,0.07318424498841541,0.0,0.16807696182129542,0.0,0.0,0.0,0.0,1.0
NI_500000098,2018,500,0.0,0.0,0.0,0.0,0.8779640537683132,0.0,0.0,0.0,0.12203594623168706,0.0,0.0,0.0,0.0,1.0
NI_500000401,2018,500,0.0,0.0,0.0,0.0,0.5276141569752806,0.0,0.0,0.0,0.208327040225545,0.26405880279917426,0.0,0.0,0.0,1.0
NI_500000487,2018,500,0.06922070076520337,0.0,0.0,0.0,0.48731373338703177,0.0,0.44346556584776475,0.0,0.0,0.0,0.0,0.0,0.0,1.0
NI_500000526,2018,500,7.047571104958468E-4,0.0,0.0,0.0,0.7648628240624212,0.0,0.2344324188270828,0.0,0.0,0.0,0.0,0.0,0.0,1.0
NI_500000715,2018,500,0.0025687518887881526,0.12289714918908023,0.0,0.0,0.8745340989221314,0.0,0.0,0.0,0.0,0.0,0.0,0.0,0.0,1.0
NI_500000725,2018,500,0.0,0.0,0.0,0.0,0.7529838344160746,0.0,0.24701616558392495,0.0,0.0,0.0,0.0,0.0,0.0,1.0
NI_500000729,2018,500,0.13563160543532962,0.0,0.0,0.0,0.45430296930045294,0.0,0.4100654252642174,0.0,0.0,0.0,0.0,0.0,0.0,1.0
NI_500002797,2018,500,0.0,0.0,0.0,0.0,0.8837361530715006,0.0,0.018680765357502523,0.0,0.097583081570997,0.0,0.0,0.0,0.0,1.0
NI_600040091,2018,500,0.0,0.0,0.0,0.0,0.9408951316518149,0.0,0.05215727734984644,0.0,0.006947590998338618,0.0,0.0,0.0,0.0,1.0
NI_600040261,2018,500,0.0320161087339542,0.0,0.0,0.0,0.913516234583438,0.0,0.0,0.0,0.054467656682607606,0.0,0.0,0.0,0.0,1.0
NI_600040281,2018,500,0.004279528748363708,0.0,0.0,0.0,0.9878662773134628,0.0,0.0,0.0,0.007854193938173394,0.0,0.0,0.0,0.0,1.0
NI_600040341,2018,500,0.0,0.0,0.0,0.0,0.0,0.0,1.0,0.0,0.0,0.0,0.0,0.0,0.0,1.0
NI_600040611,2018,500,0.0,0.0,0.0,0.0,0.6776435045317221,0.0,0.32235649546827794,0.0,0.0,0.0,0.0,0.0,0.0,1.0
NI_600040761,2018,500,0.0,0.0,0.0,0.0,0.3805207231706703,0.0,0.5989323664199023,0.0,0.020546910409427407,0.0,0.0,0.0,0.0,1.0
NI_600041051,2018,500,0.011630834298373697,0.0,0.0,0.0,0.9883691657016263,0.0,0.0,0.0,0.0,0.0,0.0,0.0,0.0,1.0
NI_600041351,2018,500,0.0,0.0,0.0,0.0,1.0,0.0,0.0,0.0,0.0,0.0,0.0,0.0,0.0,1.0
NI_600041571,2018,500,0.0,0.0,0.0,0.0,0.8109645590012083,0.0,0.0,0.0,0.18903544099879183,0.0,0.0,0.0,0.0,1.0
NI_9610315,2018,500,0.0,0.0,0.0,0.0,0.10203362528943924,0.0,0.8979663747105608,0.0,0.0,0.0,0.0,0.0,0.0,1.0
NI_9610319,2018,500,0.0,0.0,0.0,0.0,0.33390385099421116,0.0,0.6660961490057897,0.0,0.0,0.0,0.0,0.0,0.0,1.0
NI_9610399,2018,500,0.0,0.0,0.0,0.0,0.7306685461135722,0.0,0.26933145388642765,0.0,0.0,0.0,0.0,0.0,0.0,1.0
NI_9610751,2018,500,0.0,0.0,0.0,0.0,0.7878070881997583,0.0,0.21219291180024163,0.0,0.0,0.0,0.0,0.0,0.0,1.0
NI_9610757,2018,500,0.0,0.0,0.0,0.0,0.10784955440310154,0.0,0.8921504455968984,0.0,0.0,0.0,0.0,0.0,0.0,1.0
NI_9611171,2018,500,0.0,0.0,0.0,0.0,0.0,0.0,1.0,0.0,0.0,0.0,0.0,0.0,0.0,1.0
NI_9611187,2018,500,0.0,0.0,0.0,0.0,0.5272379417984091,0.0,0.4727620582015911,0.0,0.0,0.0,0.0,0.0,0.0,1.0
NI_9611197,2018,500,0.0,0.0,0.0,0.0,0.039236425909136695,0.0,0.9607635740908632,0.0,0.0,0.0,0.0,0.0,0.0,1.0
NI_9700028,2018,500,0.21362743616860552,0.0,0.0,0.0,0.6282419297980562,0.0,0.0,0.0,0.15813063403333838,0.0,0.0,0.0,0.0,1.0
NI_9700043,2018,500,0.12673077891344844,0.10422435929711492,0.0,0.0,0.7690448617894364,0.0,0.0,0.0,0.0,0.0,0.0,0.0,0.0,1.0
NI_9700119,2018,500,0.0,0.0920853891853791,0.0,0.0,0.9079146108146209,0.0,0.0,0.0,0.0,0.0,0.0,0.0,0.0,1.0
NI_9700155,2018,500,0.0,0.0,0.0,0.0,1.0,0.0,0.0,0.0,0.0,0.0,0.0,0.0,0.0,1.0
NI_9700159,2018,500,0.0,0.0,0.0,0.0,0.9615307150050352,0.03846928499496474,0.0,0.0,0.0,0.0,0.0,0.0,0.0,1.0
NI_9700211,2018,500,0.034435885817852285,6.544832099884207E-4,0.0,0.0,0.9649096309721593,0.0,0.0,0.0,0.0,0.0,0.0,0.0,0.0,1.0
NI_9700223,2018,500,0.0,0.0,0.0,0.0,0.6994915168907011,0.0,0.22614912148215263,0.0,0.0,0.0,0.0,0.07435936162714592,0.0,1.0
NI_9700232,2018,500,0.0,0.0,0.0,0.0,1.0,0.0,0.0,0.0,0.0,0.0,0.0,0.0,0.0,1.0
NI_9700246,2018,500,0.009621196856739872,0.0,0.0,0.0,0.9504835784807576,0.0,0.03989522466250251,0.0,0.0,0.0,0.0,0.0,0.0,1.0
NI_9700272,2018,500,0.0,0.0,0.0,0.0,1.0,0.0,0.0,0.0,0.0,0.0,0.0,0.0,0.0,1.0
NI_9700294,2018,500,0.0,0.0,0.0,0.0,0.6586582048957393,0.0,0.34134179510426127,0.0,0.0,0.0,0.0,0.0,0.0,1.0
NI_9840011,2018,500,0.0,0.0,0.0,0.0,0.04439969796123836,0.0,0.9556003020387617,0.0,0.0,0.0,0.0,0.0,0.0,1.0
NI_9840081,2018,500,0.0,0.0,0.0,0.0,0.05174930782783791,0.0,0.901132645356154,0.0,0.04711804681600805,0.0,0.0,0.0,0.0,1.0
NI_9840391,2018,500,0.034189325276938576,0.0,0.0,0.0,0.0029707955689828812,0.0,0.9628398791540788,0.0,0.0,0.0,0.0,0.0,0.0,1.0
NI_9841201,2018,500,0.0,0.0,0.0,0.0,0.0,0.0,1.0,0.0,0.0,0.0,0.0,0.0,0.0,1.0
NI_9842671,2018,500,0.0,0.0,0.0,0.0,0.0,0.0,1.0,0.0,0.0,0.0,0.0,0.0,0.0,1.0
NI_9842941,2018,500,0.0,0.0,0.0,0.0,0.4436279444332595,0.0,0.5563720555667403,0.0,0.0,0.0,0.0,0.0,0.0,1.0
NI_9843241,2018,500,0.0,0.0,0.0,0.0,0.2474200855776491,0.0,0.7525799144223508,0.0,0.0,0.0,0.0,0.0,0.0,1.0
NI_100000481,2018,1000,0.0,0.0,0.0,0.0,0.5634701816671077,0.0,0.0634009391799172,0.0,0.37312887915297577,0.0,0.0,0.0,0.0,1.0
NI_100000605,2018,1000,0.0,0.0,0.0,0.0,0.951755048597472,0.0,0.048244951402528075,0.0,0.0,0.0,0.0,0.0,0.0,1.0
NI_100000636,2018,1000,0.07451093934892619,0.0,0.0,0.0,0.42801933583423557,0.0,0.418829779198872,0.0,0.07863994561796618,0.0,0.0,0.0,0.0,1.0
NI_100000742,2018,1000,0.02353592690017997,0.0,0.0,0.0,0.9764640730998199,0.0,0.0,0.0,0.0,0.0,0.0,0.0,0.0,1.0
NI_100000816,2018,1000,0.024126560612162704,0.0,0.0,0.0,0.9160164115988723,0.0,0.027877064035440994,0.0,0.0,0.0,0.0,0.0,0.03197996375352396,1.0
NI_100000836,2018,1000,0.03902021498879741,0.0,0.0,0.0,0.3617677416106536,0.0,0.3372731163305893,0.0,0.26193892706995936,0.0,0.0,0.0,0.0,1.0
NI_100000840,2018,1000,0.07230068222440401,0.0,0.0,0.0,0.626312212068575,0.0,0.1914759710998666,0.0,0.10991113460715456,0.0,0.0,0.0,0.0,1.0
NI_100000856,2018,1000,0.06245751831432669,0.0,0.08345291141152479,0.0,0.7601137879817736,0.0,0.07261536137753945,0.0,0.021360420914835226,0.0,0.0,0.0,0.0,1.0
NI_100000886,2018,1000,0.16350475231321204,0.0,0.0,0.0,0.8161893371939322,0.0,0.020305910492855794,0.0,0.0,0.0,0.0,0.0,0.0,1.0
NI_100000890,2018,1000,0.0,0.0,0.0,0.0,0.8277533039647572,0.0,0.0,0.0,0.1722466960352422,0.0,0.0,0.0,0.0,1.0
NI_100000908,2018,1000,0.0,0.38659047714943784,0.0,0.0,0.47429233112232694,0.0,0.07376873796427985,0.0,0.06534845376395512,0.0,0.0,0.0,0.0,1.0
NI_100000922,2018,1000,0.0,0.0,0.0,0.0,0.9261986581574212,0.0,0.07380134184257896,0.0,0.0,0.0,0.0,0.0,0.0,1.0
NI_100000938,2018,1000,0.0,0.0,0.0,0.0,0.999546879130008,0.0,0.0,0.0,0.0,4.531208699920704E-4,0.0,0.0,0.0,1.0
NI_100000948,2018,1000,0.0035120845921450153,0.0,0.0,0.0,0.8567346424974824,0.0,0.1397532729103726,0.0,0.0,0.0,0.0,0.0,0.0,1.0
NI_119700002,2018,1000,0.0,0.03601278888273501,0.0,0.0010699360555863249,0.6744373395095918,0.0,0.288479935552087,0.0,0.0,0.0,0.0,0.0,0.0,1.0
NI_127800015,2018,1000,0.0,0.0,0.0,0.0,0.43905693390229467,0.0,0.3526679506060949,0.0,0.2082751154916103,0.0,0.0,0.0,0.0,1.0
NI_13610470,2018,1000,0.13272587688938667,0.021244194973381824,0.0,0.0,0.6870131014259284,0.0,0.0,0.0,0.15901682671130293,0.0,0.0,0.0,0.0,1.0
NI_200000590,2018,1000,0.0,0.0,0.0,0.0,1.0,0.0,0.0,0.0,0.0,0.0,0.0,0.0,0.0,1.0
NI_200000636,2018,1000,0.0,0.0,0.0,0.0,0.9481625975333502,0.0,0.0,0.0,0.05183740246664988,0.0,0.0,0.0,0.0,1.0
NI_200000876,2018,1000,0.17321972462053528,0.0,0.0,0.0,0.8267802753794652,0.0,0.0,0.0,0.0,0.0,0.0,0.0,0.0,1.0
NI_200000964,2018,1000,0.026392629697686715,0.0,0.0,0.0,0.7916152742467343,0.0,0.18199209605557934,0.0,0.0,0.0,0.0,0.0,0.0,1.0
NI_200001382,2018,1000,0.0,0.0,0.0,0.0,0.4840520605190947,0.0,0.04642146867054351,0.0,0.46952647081036164,0.0,0.0,0.0,0.0,1.0
NI_200001392,2018,1000,0.07098439073514604,0.0,0.0,0.0,0.8870216515609265,0.0,0.0419939577039275,0.0,0.0,0.0,0.0,0.0,0.0,1.0
NI_200001410,2018,1000,0.0,0.0,0.0,0.0,0.9283997231137122,0.0,0.07160027688628783,0.0,0.0,0.0,0.0,0.0,0.0,1.0
NI_200001723,2018,1000,0.044782318661816714,0.0,0.0,0.0,0.6125284766711558,0.0,0.02417842443770374,0.0,0.31851078022932366,0.0,0.0,0.0,0.0,1.0
NI_200001725,2018,1000,0.0,0.0,0.0,0.0,0.6268123238018527,0.0,0.37318767619814747,0.0,0.0,0.0,0.0,0.0,0.0,1.0
NI_200001731,2018,1000,0.0,0.0,0.0,0.0,0.9718208819975837,0.0,0.02817911800241643,0.0,0.0,0.0,0.0,0.0,0.0,1.0
NI_200002154,2018,1000,0.02912486941636984,0.0,0.0,0.0,0.8035896338623808,0.0,0.14586348818768805,0.0,0.021422008533561566,0.0,0.0,0.0,0.0,1.0
NI_2412220,2018,1000,0.0,0.0,0.0,0.0,1.0,0.0,0.0,0.0,0.0,0.0,0.0,0.0,0.0,1.0
NI_40000075,2018,1000,0.0,0.0,0.0,0.0,0.9413363875498719,0.0,0.0,0.0,0.05866361245012776,0.0,0.0,0.0,0.0,1.0
NI_40000231,2018,1000,0.0,0.0,0.0,0.0,0.8103526391301061,0.0,0.0,0.0,0.18964736086989342,0.0,0.0,0.0,0.0,1.0
NI_40000277,2018,1000,0.2797482693517937,0.0,0.0,0.0,0.531013215859031,0.0,0.18923851478917567,0.0,0.0,0.0,0.0,0.0,0.0,1.0
NI_40000285,2018,1000,0.32597860289490244,0.21468848332284457,0.0,0.0,0.3311139081183133,0.0,0.1282190056639396,0.0,0.0,0.0,0.0,0.0,0.0,1.0
NI_40000359,2018,1000,0.01903227430642968,0.0,0.0,0.0,0.38041891143446943,0.0,0.15361764261618244,0.0,0.4469311716429183,0.0,0.0,0.0,0.0,1.0
NI_40000365,2018,1000,0.002139764374181855,0.0,0.0,0.0,0.9978602356258179,0.0,0.0,0.0,0.0,0.0,0.0,0.0,0.0,1.0
NI_40000437,2018,1000,0.0,0.0,0.0,0.0,0.9942725510435287,0.0,0.005727448956471389,0.0,0.0,0.0,0.0,0.0,0.0,1.0
NI_40000953,2018,1000,0.0,0.0,0.0,0.0,0.6790303701559414,0.0,0.2549180018375644,0.0,0.0,0.0,0.0,0.0,0.06605162800649442,1.0
NI_40003417,2018,1000,0.09603232547015432,0.0,0.0,0.0,0.47720349437325355,0.0,0.42676418015659234,0.0,0.0,0.0,0.0,0.0,0.0,1.0
NI_400080011,2018,1000,0.09459391437847635,0.0,0.0,0.0,0.6048876248961821,0.0,0.2001736591749931,0.0,0.10034480155034861,0.0,0.0,0.0,0.0,1.0
NI_400080032,2018,1000,0.08060355133835875,0.0,0.0,0.0,0.43021280344311214,0.0,0.3622314788014549,0.0,0.12695216641707466,0.0,0.0,0.0,0.0,1.0
NI_400080041,2018,1000,0.005575202305591563,0.0,0.0,0.0,0.5432864747857385,0.0,0.3562843730729055,0.0,0.09485394983576434,0.0,0.0,0.0,0.0,1.0
NI_400080051,2018,1000,0.16468263955302764,0.0,0.0,0.0,0.7759978859415108,0.0,0.045364171742084854,0.0,0.01395530276337645,0.0,0.0,0.0,0.0,1.0
NI_400080091,2018,1000,0.0,0.0,0.0,0.0,0.37514156997961395,0.0,0.624858430020386,0.0,0.0,0.0,0.0,0.0,0.0,1.0
NI_400080111,2018,1000,0.0,0.0,0.0,0.0,0.4044470170758411,0.0,0.40764323195208196,0.0,0.0,0.0,0.0,0.12638890636600436,0.06152084460607281,1.0
NI_400080131,2018,1000,0.0,0.0,0.0,0.0,0.39039122173426094,0.0,0.32280511897721115,0.0,0.28680365928852747,0.0,0.0,0.0,0.0,1.0
NI_400080141,2018,1000,0.0,0.0,0.0,0.0,0.39342880153017573,0.0,0.16566416670861225,0.0,0.44090703176121215,0.0,0.0,0.0,0.0,1.0
NI_400080151,2018,1000,0.24071417786501578,0.00119532940761991,0.0,0.0,0.23438522321203875,0.0,0.42839347727615873,0.0,0.0328904323317731,0.06120086567013939,0.0,0.0012204942372540132,0.0,1.0
NI_400080161,2018,1000,0.14252277646348213,0.0,0.0,0.0,0.7021065082800624,0.0,0.15470378013791714,0.0,6.669351185382795E-4,0.0,0.0,0.0,0.0,1.0
NI_40501081,2018,1000,0.0563078936770036,0.0,0.0,0.0,0.9436921063229962,0.0,0.0,0.0,0.0,0.0,0.0,0.0,0.0,1.0
NI_40502220,2018,1000,0.39160856761722573,0.0,0.0,0.0,0.548375324054265,0.0,0.0,0.0,0.060016108328509225,0.0,0.0,0.0,0.0,1.0
NI_40505301,2018,1000,0.0,0.0,0.0,0.0,1.0,0.0,0.0,0.0,0.0,0.0,0.0,0.0,0.0,1.0
NI_40507271,2018,1000,0.0,0.0,0.0,0.0,0.8243585064747114,0.0,0.1756414935252885,0.0,0.0,0.0,0.0,0.0,0.0,1.0
NI_40507391,2018,1000,0.0,0.0,0.0,0.0,0.7563397475427578,0.0,0.21484035792043688,0.0,0.028819894536805127,0.0,0.0,0.0,0.0,1.0
NI_40507510,2018,1000,0.0,0.0,0.0,0.0,0.8386199431060088,0.0,0.15635777760994887,0.0,0.005022279284041991,0.0,0.0,0.0,0.0,1.0
NI_40507661,2018,1000,0.0,0.0,0.0,0.0,0.9736020544323875,0.0,0.026397945567612484,0.0,0.0,0.0,0.0,0.0,0.0,1.0
NI_40507820,2018,1000,0.0,0.0,0.0,0.0,0.3668298699827566,0.0,0.29901448691646415,0.0,0.24085285270166512,0.0,0.0,0.0933027903991139,0.0,1.0
NI_500000009,2018,1000,0.3701279905359998,0.0960747051938736,0.0,0.004417372481405506,0.2652688808064538,0.0,0.18021872915591694,0.0,0.08389232182635072,0.0,0.0,0.0,0.0,1.0
NI_500000012,2018,1000,0.05071606554076165,0.0,0.0,0.0,0.3233998640859784,0.0,0.6258840703732603,0.0,0.0,0.0,0.0,0.0,0.0,1.0
NI_500000015,2018,1000,0.0,0.0,0.0,0.0,0.0,0.0,0.8397387496224707,0.0,0.0,0.0,0.0,0.16026125037752945,0.0,1.0
NI_500000091,2018,1000,0.005726800166140136,0.0,0.07380649708625442,0.0,0.5458206945161169,0.0,0.09436004581440133,0.0,0.28028596241708725,0.0,0.0,0.0,0.0,1.0
NI_500000098,2018,1000,0.0,0.0,0.0,0.0,0.7468789327963754,0.0,0.026440976591995968,0.0,0.22668009061162844,0.0,0.0,0.0,0.0,1.0
NI_500000401,2018,1000,0.0,0.0,0.0,0.0,0.449641962723852,0.0,0.0,0.0,0.41972791683970756,0.13063012043644048,0.0,0.0,0.0,1.0
NI_500000487,2018,1000,0.17269844465696885,0.0,0.0,0.0,0.5065183470076008,0.0,0.2543036190667942,0.0,0.0,0.06647958926863644,0.0,0.0,0.0,1.0
NI_500000526,2018,1000,0.09588110189648016,0.0,0.0,0.0,0.5468205328265987,0.0,0.35631677636132547,0.0,9.815889155959383E-4,0.0,0.0,0.0,0.0,1.0
NI_500000715,2018,1000,0.1386745547233936,0.24932972496695838,0.0,0.0,0.48948329032664134,0.0,0.015079614827868341,0.0,0.1074328151551388,0.0,0.0,0.0,0.0,1.0
NI_500000725,2018,1000,0.0,0.0,0.0,0.0,0.6226498200397675,0.0,0.3436359517756915,0.0,0.033714228184541034,0.0,0.0,0.0,0.0,1.0
NI_500000729,2018,1000,0.27517428837490254,0.025847532277955353,0.0,0.0,0.19977097123298013,0.0,0.49914428812322237,0.0,6.29199909395213E-5,0.0,0.0,0.0,0.0,1.0
NI_500002797,2018,1000,0.0,0.0,0.0,0.0,0.7192766080620194,0.0,0.09798764142513748,0.0,0.1827357505128431,0.0,0.0,0.0,0.0,1.0
NI_600040091,2018,1000,0.0,0.0,0.0,0.0,0.8072087491662366,0.0,0.09199713059565312,0.0,0.10079412023811024,0.0,0.0,0.0,0.0,1.0
NI_600040261,2018,1000,0.1367737551436446,0.0,0.0,0.0,0.6074219487334367,0.0,0.09027646696112854,0.0,0.16552782916179049,0.0,0.0,0.0,0.0,1.0
NI_600040281,2018,1000,0.04413541404480241,0.0,0.0,0.0,0.9005411527812738,0.0,0.0,0.0,0.05532343317392397,0.0,0.0,0.0,0.0,1.0
NI_600040341,2018,1000,0.0,0.0,0.0,0.0,0.028767381866230412,0.0,0.9712326181337697,0.0,0.0,0.0,0.0,0.0,0.0,1.0
NI_600040611,2018,1000,0.020375287884317698,0.0,0.0,0.0,0.4940912923646157,0.0,0.47142551504549507,0.0,0.014107904705571427,0.0,0.0,0.0,0.0,1.0
NI_600040761,2018,1000,0.0,0.0,0.0,0.0,0.3125975333501135,0.0,0.6034986156556761,0.0,0.08390385099421098,0.0,0.0,0.0,0.0,1.0
NI_600041051,2018,1000,0.06511616199753327,0.0,0.0,0.0,0.9131239145208786,0.0,0.0,0.0,0.02175992348158775,0.0,0.0,0.0,0.0,1.0
NI_600041351,2018,1000,0.0,0.0,0.0,0.0,0.9282001585763369,0.0,0.003976993845727877,0.0,0.06782284757793523,0.0,0.0,0.0,0.0,1.0
NI_600041571,2018,1000,0.0,0.0,0.0,0.0,0.6226293998464695,0.0,0.011527377521613834,0.0,0.3658432226319167,0.0,0.0,0.0,0.0,1.0
NI_9610315,2018,1000,0.02890435264065233,0.0,0.0,0.0,0.11705193219997735,0.0,0.8540437151593705,0.0,0.0,0.0,0.0,0.0,0.0,1.0
NI_9610319,2018,1000,0.0,0.0,0.0,0.0,0.17409467247150012,0.0,0.8259053275284999,0.0,0.0,0.0,0.0,0.0,0.0,1.0
NI_9610399,2018,1000,0.06313471339583462,0.0,0.0,0.0,0.8460957654313217,0.0,0.09076952117284336,0.0,0.0,0.0,0.0,0.0,0.0,1.0
NI_9610751,2018,1000,0.08191439825826503,0.0,0.0,0.0,0.5545110179836649,0.0,0.36357458375806984,0.0,0.0,0.0,0.0,0.0,0.0,1.0
NI_9610757,2018,1000,0.0,0.0,0.0,0.0,0.15254514566161204,0.0,0.8474548543383879,0.0,0.0,0.0,0.0,0.0,0.0,1.0
NI_9611171,2018,1000,0.010734825889430038,0.0,0.0,0.0,0.0,0.0,0.98926517411057,0.0,0.0,0.0,0.0,0.0,0.0,1.0
NI_9611187,2018,1000,0.040166100415251045,0.0,0.0,0.0,0.2797785327796654,0.0,0.6800553668050839,0.0,0.0,0.0,0.0,0.0,0.0,1.0
NI_9611197,2018,1000,0.0,0.0,0.0,0.0,0.09381765090872478,0.0,0.9061823490912754,0.0,0.0,0.0,0.0,0.0,0.0,1.0
NI_9700028,2018,1000,0.1715799808670258,0.0,0.0,0.0,0.6516162328180857,0.0,0.0,0.0,0.17680378631488847,0.0,0.0,0.0,0.0,1.0
NI_9700043,2018,1000,0.08215247539704514,0.18334549847725956,0.0,0.0,0.7210113009992196,0.0,9.312627419395435E-4,0.0,0.012559462384536004,0.0,0.0,0.0,0.0,1.0
NI_9700119,2018,1000,0.04256711683930977,0.07836276447118351,0.0,0.0,0.8790701186895069,0.0,0.0,0.0,0.0,0.0,0.0,0.0,0.0,1.0
NI_9700155,2018,1000,0.0,0.0,0.0,0.0,0.9812460667086217,0.0,0.01875393329137822,0.0,0.0,0.0,0.0,0.0,0.0,1.0
NI_9700159,2018,1000,0.0,0.0,0.0,0.0,0.9032331139329718,0.09676688606702831,0.0,0.0,0.0,0.0,0.0,0.0,0.0,1.0
NI_9700211,2018,1000,0.1401150423542146,0.044481365404221554,0.0,0.0,0.8154035922415634,0.0,0.0,0.0,0.0,0.0,0.0,0.0,0.0,1.0
NI_9700223,2018,1000,0.0,0.0,0.0,0.0,0.7287485056314099,0.0,0.13526709872270803,0.0,0.0,0.0,0.0,0.13598439564588174,0.0,1.0
NI_9700232,2018,1000,0.0,0.0,0.0,0.0,1.0,0.0,0.0,0.0,0.0,0.0,0.0,0.0,0.0,1.0
NI_9700246,2018,1000,0.032327097862483965,0.0,0.0,0.0,0.8562652634759187,0.0,0.11140763866159778,0.0,0.0,0.0,0.0,0.0,0.0,1.0
NI_9700272,2018,1000,0.035404133209152464,0.0,0.0,0.0,0.9645958667908476,0.0,0.0,0.0,0.0,0.0,0.0,0.0,0.0,1.0
NI_9700294,2018,1000,0.0,0.0,0.0,0.0,0.7456193353474319,0.0,0.254380664652568,0.0,0.0,0.0,0.0,0.0,0.0,1.0
NI_9840011,2018,1000,0.0,0.0,0.0,0.0,0.12042128575203535,0.0,0.879578714247965,0.0,0.0,0.0,0.0,0.0,0.0,1.0
NI_9840081,2018,1000,0.0,0.0,0.0,0.0,0.14075947455835722,0.0,0.6764809502239669,0.0,0.18275957521767577,0.0,0.0,0.0,0.0,1.0
NI_9840391,2018,1000,0.19444269660093377,0.0,0.0,0.0,0.07949611768999408,0.0,0.7260611857090721,0.0,0.0,0.0,0.0,0.0,0.0,1.0
NI_9841201,2018,1000,0.009261589570644787,0.0,0.0,0.0,0.026287310615593695,0.0,0.9644510998137615,0.0,0.0,0.0,0.0,0.0,0.0,1.0
NI_9842671,2018,1000,0.016752885498873486,0.0,0.0,0.0,0.068131757479641,0.0,0.9151153570214854,0.0,0.0,0.0,0.0,0.0,0.0,1.0
NI_9842941,2018,1000,0.0,0.0,0.0,0.0,0.4554719545031329,0.0,0.5445280454968668,0.0,0.0,0.0,0.0,0.0,0.0,1.0
NI_9843241,2018,1000,0.0,0.0,0.0,0.0,0.3871243771077665,0.0,0.5453012533346753,0.0,0.06757436955755772,0.0,0.0,0.0,0.0,1.0
