district_code,district_name,year,regio_temporal_method,regio_lower_year,regio_upper_year,regio_interpolation_weight,reg_agricultural_farms_count,reg_agricultural_area_ha,reg_livestock_farms_count,reg_livestock_units,reg_organic_farms_count,reg_organic_area_ha,reg_organic_livestock_farms_count,reg_organic_livestock_units,reg_organic_farm_share,reg_organic_area_share,reg_livestock_units_per_ha,reg_organic_livestock_unit_share
03101,"Braunschweig, kreisfreie Stadt",2010,snapshot,2010,2010,0.0,77.0,6661.0,,,4.0,,,,0.05194805194805195,,,
03101,"Braunschweig, kreisfreie Stadt",2011,linear_interpolation,2010,2016,0.16666666666666666,76.83333333333333,6701.666666666667,,,4.166666666666667,,,,0.05425495557074505,,,
03101,"Braunschweig, kreisfreie Stadt",2012,linear_interpolation,2010,2016,0.3333333333333333,76.66666666666667,6742.333333333333,,,4.333333333333333,,,,0.05656185919343814,,,
03101,"Braunschweig, kreisfreie Stadt",2013,linear_interpolation,2010,2016,0.5,76.5,6783.0,,,4.5,,,,0.05886876281613124,,,
03101,"Braunschweig, kreisfreie Stadt",2014,linear_interpolation,2010,2016,0.6666666666666666,76.33333333333333,6823.666666666667,,,4.666666666666667,,,,0.06117566643882433,,,
03101,"Braunschweig, kreisfreie Stadt",2015,linear_interpolation,2010,2016,0.8333333333333334,76.16666666666667,6864.333333333333,,,4.833333333333333,,,,0.06348257006151743,,,
03101,"Braunschweig, kreisfreie Stadt",2016,snapshot,2016,2016,0.0,76.0,6905.0,,,5.0,504.0,,,0.06578947368421052,0.07299058653149891,,
03101,"Braunschweig, kreisfreie Stadt",2017,linear_interpolation,2016,2020,0.25,74.25,6983.75,,,5.5,563.5,,,0.07470442410373761,0.08043546067424745,,
03101,"Braunschweig, kreisfreie Stadt",2018,linear_interpolation,2016,2020,0.5,72.5,7062.5,,,6.0,623.0,,,0.08361937452326468,0.087880334816996,,
03101,"Braunschweig, kreisfreie Stadt",2019,linear_interpolation,2016,2020,0.75,70.75,7141.25,,,6.5,682.5,,,0.09253432494279176,0.09532520895974454,,
03101,"Braunschweig, kreisfreie Stadt",2020,snapshot,2020,2020,0.0,69.0,7220.0,30.0,1145.0,7.0,742.0,4.0,111.0,0.10144927536231885,0.10277008310249308,0.15858725761772854,0.09694323144104804
03102,"Salzgitter, kreisfreie Stadt",2010,snapshot,2010,2010,0.0,104.0,10580.0,,,,,,,,,,
03102,"Salzgitter, kreisfreie Stadt",2011,linear_interpolation,2010,2016,0.16666666666666666,102.83333333333333,10597.333333333334,,,,,,,,,,
03102,"Salzgitter, kreisfreie Stadt",2012,linear_interpolation,2010,2016,0.3333333333333333,101.66666666666667,10614.666666666666,,,,,,,,,,
03102,"Salzgitter, kreisfreie Stadt",2013,linear_interpolation,2010,2016,0.5,100.5,10632.0,,,,,,,,,,
03102,"Salzgitter, kreisfreie Stadt",2014,linear_interpolation,2010,2016,0.6666666666666666,99.33333333333333,10649.333333333334,,,,,,,,,,
03102,"Salzgitter, kreisfreie Stadt",2015,linear_interpolation,2010,2016,0.8333333333333334,98.16666666666667,10666.666666666666,,,,,,,,,,
03102,"Salzgitter, kreisfreie Stadt",2016,snapshot,2016,2016,0.0,97.0,10684.0,,,,,,,,,,
03102,"Salzgitter, kreisfreie Stadt",2017,linear_interpolation,2016,2020,0.25,94.75,10606.25,,,,,,,,,,
03102,"Salzgitter, kreisfreie Stadt",2018,linear_interpolation,2016,2020,0.5,92.5,10528.5,,,,,,,,,,
03102,"Salzgitter, kreisfreie Stadt",2019,linear_interpolation,2016,2020,0.75,90.25,10450.75,,,,,,,,,,
03102,"Salzgitter, kreisfreie Stadt",2020,snapshot,2020,2020,0.0,88.0,10373.0,39.0,1211.0,,,,,,,0.11674539670297888,
03103,"Wolfsburg, kreisfreie Stadt",2010,snapshot,2010,2010,0.0,95.0,8396.0,,,2.0,,,,0.021052631578947368,,,
03103,"Wolfsburg, kreisfreie Stadt",2011,linear_interpolation,2010,2016,0.16666666666666666,93.83333333333333,8383.333333333334,,,1.8333333333333333,,,,0.019437799043062202,,,
03103,"Wolfsburg, kreisfreie Stadt",2012,linear_interpolation,2010,2016,0.3333333333333333,92.66666666666667,8370.666666666666,,,1.6666666666666667,,,,0.017822966507177032,,,
03103,"Wolfsburg, kreisfreie Stadt",2013,linear_interpolation,2010,2016,0.5,91.5,8358.0,,,1.5,,,,0.016208133971291866,,,
03103,"Wolfsburg, kreisfreie Stadt",2014,linear_interpolation,2010,2016,0.6666666666666666,90.33333333333333,8345.333333333334,,,1.3333333333333335,,,,0.0145933014354067,,,
03103,"Wolfsburg, kreisfreie Stadt",2015,linear_interpolation,2010,2016,0.8333333333333334,89.16666666666667,8332.666666666666,,,1.1666666666666665,,,,0.01297846889952153,,,
03103,"Wolfsburg, kreisfreie Stadt",2016,snapshot,2016,2016,0.0,88.0,8320.0,,,1.0,,,,0.011363636363636364,,,
03103,"Wolfsburg, kreisfreie Stadt",2017,linear_interpolation,2016,2020,0.25,86.5,8170.75,,,1.0,,,,0.011571507760532151,,,
03103,"Wolfsburg, kreisfreie Stadt",2018,linear_interpolation,2016,2020,0.5,85.0,8021.5,,,1.0,,,,0.011779379157427938,,,
03103,"Wolfsburg, kreisfreie Stadt",2019,linear_interpolation,2016,2020,0.75,83.5,7872.25,,,1.0,,,,0.011987250554323725,,,
03103,"Wolfsburg, kreisfreie Stadt",2020,snapshot,2020,2020,0.0,82.0,7723.0,43.0,989.0,1.0,,1.0,,0.012195121951219513,,0.12805904441279295,
03151,"Gifhorn, Landkreis",2010,snapshot,2010,2010,0.0,896.0,75710.0,,,33.0,2963.0,,,0.036830357142857144,0.039136177519482236,,
03151,"Gifhorn, Landkreis",2011,linear_interpolation,2010,2016,0.16666666666666666,883.6666666666666,76019.66666666667,,,33.166666666666664,3058.0,,,0.03758571935465184,0.040204670072615835,,
03151,"Gifhorn, Landkreis",2012,linear_interpolation,2010,2016,0.3333333333333333,871.3333333333334,76329.33333333333,,,33.333333333333336,3153.0,,,0.03834108156644653,0.041273162625749434,,
03151,"Gifhorn, Landkreis",2013,linear_interpolation,2010,2016,0.5,859.0,76639.0,,,33.5,3248.0,,,0.03909644377824122,0.04234165517888303,,
03151,"Gifhorn, Landkreis",2014,linear_interpolation,2010,2016,0.6666666666666666,846.6666666666666,76948.66666666667,,,33.666666666666664,3343.0,,,0.03985180599003592,0.04341014773201663,,
03151,"Gifhorn, Landkreis",2015,linear_interpolation,2010,2016,0.8333333333333334,834.3333333333334,77258.33333333333,,,33.833333333333336,3438.0,,,0.04060716820183061,0.04447864028515023,,
03151,"Gifhorn, Landkreis",2016,snapshot,2016,2016,0.0,822.0,77568.0,,,34.0,3533.0,,,0.0413625304136253,0.04554713283828383,,
03151,"Gifhorn, Landkreis",2017,linear_interpolation,2016,2020,0.25,812.5,77226.0,,,37.0,3678.25,,,0.04569026515715775,0.04765772495679686,,
03151,"Gifhorn, Landkreis",2018,linear_interpolation,2016,2020,0.5,803.0,76884.0,,,40.0,3823.5,,,0.0500179999006902,0.04976831707530989,,
03151,"Gifhorn, Landkreis",2019,linear_interpolation,2016,2020,0.75,793.5,76542.0,,,43.0,3968.75,,,0.054345734644222654,0.051878909193822924,,
03151,"Gifhorn, Landkreis",2020,snapshot,2020,2020,0.0,784.0,76200.0,440.0,20887.0,46.0,4114.0,33.0,1363.0,0.058673469387755105,0.05398950131233596,0.27410761154855645,0.06525590079954038
03153,"Goslar, Landkreis",2010,snapshot,2010,2010,0.0,315.0,27675.0,,,8.0,436.0,,,0.025396825396825397,0.015754290876242097,,
03153,"Goslar, Landkreis",2011,linear_interpolation,2010,2016,0.16666666666666666,310.8333333333333,27647.5,,,7.833333333333333,467.6666666666667,,,0.02518700966976829,0.016921136011311646,,
03153,"Goslar, Landkreis",2012,linear_interpolation,2010,2016,0.3333333333333333,306.6666666666667,27620.0,,,7.666666666666667,499.3333333333333,,,0.024977193942711185,0.0180879811463812,,
03153,"Goslar, Landkreis",2013,linear_interpolation,2010,2016,0.5,302.5,27592.5,,,7.5,531.0,,,0.024767378215654078,0.019254826281450747,,
03153,"Goslar, Landkreis",2014,linear_interpolation,2010,2016,0.6666666666666666,298.3333333333333,27565.0,,,7.333333333333333,562.6666666666666,,,0.02455756248859697,0.020421671416520296,,
03153,"Goslar, Landkreis",2015,linear_interpolation,2010,2016,0.8333333333333334,294.1666666666667,27537.5,,,7.166666666666667,594.3333333333334,,,0.024347746761539866,0.02158851655158985,,
03153,"Goslar, Landkreis",2016,snapshot,2016,2016,0.0,290.0,27510.0,,,7.0,626.0,,,0.02413793103448276,0.022755361686659398,,
03153,"Goslar, Landkreis",2017,linear_interpolation,2016,2020,0.25,287.25,27222.75,,,8.75,826.0,,,0.030648251143245583,0.030590287434714966,,
03153,"Goslar, Landkreis",2018,linear_interpolation,2016,2020,0.5,284.5,26935.5,,,10.5,1026.0,,,0.0371585712520084,0.038425213182770535,,
03153,"Goslar, Landkreis",2019,linear_interpolation,2016,2020,0.75,281.75,26648.25,,,12.25,1226.0,,,0.04366889136077123,0.04626013893082611,,
03153,"Goslar, Landkreis",2020,snapshot,2020,2020,0.0,279.0,26361.0,134.0,4158.0,14.0,1426.0,8.0,382.0,0.05017921146953405,0.05409506467888168,0.1577330146807784,0.09187109187109187
03154,"Helmstedt, Landkreis",2010,snapshot,2010,2010,0.0,392.0,41556.0,,,6.0,400.0,,,0.015306122448979591,0.009625565501973242,,
03154,"Helmstedt, Landkreis",2011,linear_interpolation,2010,2016,0.16666666666666666,386.6666666666667,41520.666666666664,,,6.0,416.8333333333333,,,0.015532879818594103,0.010040944677856958,,
03154,"Helmstedt, Landkreis",2012,linear_interpolation,2010,2016,0.3333333333333333,381.3333333333333,41485.333333333336,,,6.0,433.6666666666667,,,0.015759637188208615,0.010456323853740675,,
03154,"Helmstedt, Landkreis",2013,linear_interpolation,2010,2016,0.5,376.0,41450.0,,,6.0,450.5,,,0.01598639455782313,0.010871703029624391,,
03154,"Helmstedt, Landkreis",2014,linear_interpolation,2010,2016,0.6666666666666666,370.6666666666667,41414.666666666664,,,6.0,467.3333333333333,,,0.016213151927437643,0.011287082205508107,,
03154,"Helmstedt, Landkreis",2015,linear_interpolation,2010,2016,0.8333333333333334,365.3333333333333,41379.333333333336,,,6.0,484.1666666666667,,,0.016439909297052153,0.011702461381391825,,
03154,"Helmstedt, Landkreis",2016,snapshot,2016,2016,0.0,360.0,41344.0,,,6.0,501.0,,,0.016666666666666666,0.012117840557275541,,
03154,"Helmstedt, Landkreis",2017,linear_interpolation,2016,2020,0.25,354.5,41589.0,,,8.75,883.25,,,0.02507396449704142,0.021079213042472296,,
03154,"Helmstedt, Landkreis",2018,linear_interpolation,2016,2020,0.5,349.0,41834.0,,,11.5,1265.5,,,0.033481262327416175,0.03004058552766905,,
03154,"Helmstedt, Landkreis",2019,linear_interpolation,2016,2020,0.75,343.5,42079.0,,,14.25,1647.75,,,0.041888560157790924,0.03900195801286581,,
03154,"Helmstedt, Landkreis",2020,snapshot,2020,2020,0.0,338.0,42324.0,134.0,3254.0,17.0,2030.0,5.0,167.0,0.05029585798816568,0.04796333049806256,0.07688309233531802,0.05132145052243393
03155,"Northeim, Landkreis",2010,snapshot,2010,2010,0.0,859.0,56134.0,,,28.0,1500.0,,,0.03259604190919674,0.026721772900559375,,
03155,"Northeim, Landkreis",2011,linear_interpolation,2010,2016,0.16666666666666666,852.8333333333334,56214.5,,,29.166666666666668,1461.5,,,0.034259880828629075,0.026003771192265133,,
03155,"Northeim, Landkreis",2012,linear_interpolation,2010,2016,0.3333333333333333,846.6666666666666,56295.0,,,30.333333333333332,1423.0,,,0.03592371974806141,0.025285769483970894,,
03155,"Northeim, Landkreis",2013,linear_interpolation,2010,2016,0.5,840.5,56375.5,,,31.5,1384.5,,,0.03758755866749375,0.024567767775676652,,
03155,"Northeim, Landkreis",2014,linear_interpolation,2010,2016,0.6666666666666666,834.3333333333334,56456.0,,,32.666666666666664,1346.0,,,0.03925139758692608,0.02384976606738241,,
03155,"Northeim, Landkreis",2015,linear_interpolation,2010,2016,0.8333333333333334,828.1666666666666,56536.5,,,33.833333333333336,1307.5,,,0.040915236506358414,0.02313176435908817,,
03155,"Northeim, Landkreis",2016,snapshot,2016,2016,0.0,822.0,56617.0,,,35.0,1269.0,,,0.04257907542579075,0.02241376265079393,,
03155,"Northeim, Landkreis",2017,linear_interpolation,2016,2020,0.25,810.0,56837.75,,,36.25,1480.25,,,0.04485420321016993,0.026001626335921534,,
03155,"Northeim, Landkreis",2018,linear_interpolation,2016,2020,0.5,798.0,57058.5,,,37.5,1691.5,,,0.04712933099454912,0.029589490021049138,,
03155,"Northeim, Landkreis",2019,linear_interpolation,2016,2020,0.75,786.0,57279.25,,,38.75,1902.75,,,0.04940445877892831,0.03317735370617674,,
03155,"Northeim, Landkreis",2020,snapshot,2020,2020,0.0,774.0,57500.0,490.0,19176.0,40.0,2114.0,25.0,560.0,0.05167958656330749,0.036765217391304346,0.333495652173913,0.02920317062995411
03157,"Peine, Landkreis",2010,snapshot,2010,2010,0.0,442.0,33998.0,,,6.0,122.0,,,0.013574660633484163,0.0035884463791987765,,
03157,"Peine, Landkreis",2011,linear_interpolation,2010,2016,0.16666666666666666,435.1666666666667,34292.166666666664,,,6.0,,,,0.013805982780605049,,,
03157,"Peine, Landkreis",2012,linear_interpolation,2010,2016,0.3333333333333333,428.3333333333333,34586.333333333336,,,6.0,,,,0.014037304927725935,,,
03157,"Peine, Landkreis",2013,linear_interpolation,2010,2016,0.5,421.5,34880.5,,,6.0,,,,0.014268627074846819,,,
03157,"Peine, Landkreis",2014,linear_interpolation,2010,2016,0.6666666666666666,414.6666666666667,35174.666666666664,,,6.0,,,,0.014499949221967704,,,
03157,"Peine, Landkreis",2015,linear_interpolation,2010,2016,0.8333333333333334,407.8333333333333,35468.833333333336,,,6.0,,,,0.01473127136908859,,,
03157,"Peine, Landkreis",2016,snapshot,2016,2016,0.0,401.0,35763.0,,,6.0,,,,0.014962593516209476,,,
03157,"Peine, Landkreis",2017,linear_interpolation,2016,2020,0.25,391.75,35418.0,,,6.5,,,,0.0167164506316626,,,
03157,"Peine, Landkreis",2018,linear_interpolation,2016,2020,0.5,382.5,35073.0,,,7.0,,,,0.01847030774711573,,,
03157,"Peine, Landkreis",2019,linear_interpolation,2016,2020,0.75,373.25,34728.0,,,7.5,,,,0.020224164862568852,,,
03157,"Peine, Landkreis",2020,snapshot,2020,2020,0.0,364.0,34383.0,177.0,5480.0,8.0,,6.0,143.0,0.02197802197802198,,0.15938108949190008,0.026094890510948904
03158,"Wolfenbüttel, Landkreis",2010,snapshot,2010,2010,0.0,458.0,50241.0,,,11.0,916.0,,,0.024017467248908297,0.01823212117593201,,
03158,"Wolfenbüttel, Landkreis",2011,linear_interpolation,2010,2016,0.16666666666666666,449.0,50354.166666666664,,,11.333333333333334,932.1666666666666,,,0.025377592344387277,0.018509092862635145,,
03158,"Wolfenbüttel, Landkreis",2012,linear_interpolation,2010,2016,0.3333333333333333,440.0,50467.333333333336,,,11.666666666666666,948.3333333333334,,,0.02673771743986626,0.01878606454933828,,
03158,"Wolfenbüttel, Landkreis",2013,linear_interpolation,2010,2016,0.5,431.0,50580.5,,,12.0,964.5,,,0.028097842535345238,0.019063036236041418,,
03158,"Wolfenbüttel, Landkreis",2014,linear_interpolation,2010,2016,0.6666666666666666,422.0,50693.666666666664,,,12.333333333333334,980.6666666666666,,,0.029457967630824217,0.019340007922744554,,
03158,"Wolfenbüttel, Landkreis",2015,linear_interpolation,2010,2016,0.8333333333333334,413.0,50806.833333333336,,,12.666666666666666,996.8333333333334,,,0.0308180927263032,0.01961697960944769,,
03158,"Wolfenbüttel, Landkreis",2016,snapshot,2016,2016,0.0,404.0,50920.0,,,13.0,1013.0,,,0.03217821782178218,0.019893951296150826,,
03158,"Wolfenbüttel, Landkreis",2017,linear_interpolation,2016,2020,0.25,397.75,50926.0,,,15.5,1556.25,,,0.039305167324120274,0.030555278170605583,,
03158,"Wolfenbüttel, Landkreis",2018,linear_interpolation,2016,2020,0.5,391.5,50932.0,,,18.0,2099.5,,,0.04643211682645837,0.041216605045060334,,
03158,"Wolfenbüttel, Landkreis",2019,linear_interpolation,2016,2020,0.75,385.25,50938.0,,,20.5,2642.75,,,0.05355906632879647,0.05187793191951509,,
03158,"Wolfenbüttel, Landkreis",2020,snapshot,2020,2020,0.0,379.0,50944.0,120.0,2999.0,23.0,3186.0,8.0,,0.06068601583113457,0.06253925879396985,0.05886856155778895,
03159,"Göttingen, Landkreis",2010,snapshot,2010,2010,0.0,1044.0,72349.0,,,55.0,2686.0,,,0.05268199233716475,0.037125599524526945,,
03159,"Göttingen, Landkreis",2011,linear_interpolation,2010,2016,0.16666666666666666,1031.6666666666667,72453.33333333333,,,55.0,2908.5,,,0.05335183210227647,0.04012150993836192,,
03159,"Göttingen, Landkreis",2012,linear_interpolation,2010,2016,0.3333333333333333,1019.3333333333334,72557.66666666667,,,55.0,3131.0,,,0.05402167186738818,0.04311742035219691,,
03159,"Göttingen, Landkreis",2013,linear_interpolation,2010,2016,0.5,1007.0,72662.0,,,55.0,3353.5,,,0.0546915116324999,0.046113330766031885,,
03159,"Göttingen, Landkreis",2014,linear_interpolation,2010,2016,0.6666666666666666,994.6666666666666,72766.33333333333,,,55.0,3576.0,,,0.05536135139761162,0.04910924117986686,,
03159,"Göttingen, Landkreis",2015,linear_interpolation,2010,2016,0.8333333333333334,982.3333333333334,72870.66666666667,,,55.0,3798.5,,,0.056031191162723336,0.05210515159370185,,
03159,"Göttingen, Landkreis",2016,snapshot,2016,2016,0.0,970.0,72975.0,,,55.0,4021.0,,,0.05670103092783505,0.055101062007536825,,
03159,"Göttingen, Landkreis",2017,linear_interpolation,2016,2020,0.25,961.0,72760.25,,,61.25,4283.75,,,0.06393904942713967,0.05890857979923518,,
03159,"Göttingen, Landkreis",2018,linear_interpolation,2016,2020,0.5,952.0,72545.5,,,67.5,4546.5,,,0.07117706792644429,0.06271609759093354,,
03159,"Göttingen, Landkreis",2019,linear_interpolation,2016,2020,0.75,943.0,72330.75,,,73.75,4809.25,,,0.0784150864257489,0.06652361538263189,,
03159,"Göttingen, Landkreis",2020,snapshot,2020,2020,0.0,934.0,72116.0,622.0,21424.0,80.0,5072.0,47.0,1596.0,0.08565310492505353,0.07033113317433025,0.2970769316101836,0.07449589245705751
03241,"Region Hannover, Landkreis",2010,snapshot,2010,2010,0.0,1566.0,112358.0,,,58.0,3087.0,,,0.037037037037037035,0.02747467915057228,,
03241,"Region Hannover, Landkreis",2011,linear_interpolation,2010,2016,0.16666666666666666,1552.3333333333333,112941.33333333333,,,58.0,3174.8333333333335,,,0.03737812385611128,0.028094458856437788,,
03241,"Region Hannover, Landkreis",2012,linear_interpolation,2010,2016,0.3333333333333333,1538.6666666666667,113524.66666666667,,,58.0,3262.6666666666665,,,0.037719210675185515,0.028714238562303297,,
03241,"Region Hannover, Landkreis",2013,linear_interpolation,2010,2016,0.5,1525.0,114108.0,,,58.0,3350.5,,,0.03806029749425976,0.029334018268168807,,
03241,"Region Hannover, Landkreis",2014,linear_interpolation,2010,2016,0.6666666666666666,1511.3333333333333,114691.33333333333,,,58.0,3438.3333333333335,,,0.038401384313334,0.029953797974034316,,
03241,"Region Hannover, Landkreis",2015,linear_interpolation,2010,2016,0.8333333333333334,1497.6666666666667,115274.66666666667,,,58.0,3526.1666666666665,,,0.03874247113240824,0.030573577679899825,,
03241,"Region Hannover, Landkreis",2016,snapshot,2016,2016,0.0,1484.0,115858.0,,,58.0,3614.0,,,0.03908355795148248,0.031193357385765334,,
03241,"Region Hannover, Landkreis",2017,linear_interpolation,2016,2020,0.25,1465.25,115466.5,,,62.25,4073.75,,,0.042619978612653736,0.03532279951134304,,
03241,"Region Hannover, Landkreis",2018,linear_interpolation,2016,2020,0.5,1446.5,115075.0,,,66.5,4533.5,,,0.04615639927382499,0.039452241636920744,,
03241,"Region Hannover, Landkreis",2019,linear_interpolation,2016,2020,0.75,1427.75,114683.5,,,70.75,4993.25,,,0.04969281993499624,0.04358168376249845,,
03241,"Region Hannover, Landkreis",2020,snapshot,2020,2020,0.0,1409.0,114292.0,732.0,34903.0,75.0,5453.0,41.0,1555.0,0.053229240596167494,0.047711125888076154,0.305384453855038,0.04455204423688508
03251,"Diepholz, Landkreis",2010,snapshot,2010,2010,0.0,1969.0,128701.0,,,65.0,4681.0,,,0.033011681056373796,0.036371123767492096,,
03251,"Diepholz, Landkreis",2011,linear_interpolation,2010,2016,0.16666666666666666,1931.5,128838.83333333333,,,67.16666666666667,4858.5,,,0.0349638626540118,0.037702780604423475,,
03251,"Diepholz, Landkreis",2012,linear_interpolation,2010,2016,0.3333333333333333,1894.0,128976.66666666667,,,69.33333333333333,5036.0,,,0.03691604425164981,0.03903443744135485,,
03251,"Diepholz, Landkreis",2013,linear_interpolation,2010,2016,0.5,1856.5,129114.5,,,71.5,5213.5,,,0.03886822584928781,0.040366094278286226,,
03251,"Diepholz, Landkreis",2014,linear_interpolation,2010,2016,0.6666666666666666,1819.0,129252.33333333333,,,73.66666666666667,5391.0,,,0.040820407446925826,0.041697751115217604,,
03251,"Diepholz, Landkreis",2015,linear_interpolation,2010,2016,0.8333333333333334,1781.5,129390.16666666667,,,75.83333333333333,5568.5,,,0.04277258904456383,0.043029407952148976,,
03251,"Diepholz, Landkreis",2016,snapshot,2016,2016,0.0,1744.0,129528.0,,,78.0,5746.0,,,0.04472477064220184,0.044361064789080355,,
03251,"Diepholz, Landkreis",2017,linear_interpolation,2016,2020,0.25,1708.5,128943.75,,,76.25,5930.0,,,0.04462347810649532,0.046011479929326284,,
03251,"Diepholz, Landkreis",2018,linear_interpolation,2016,2020,0.5,1673.0,128359.5,,,74.5,6114.0,,,0.04452218557078881,0.04766189506957222,,
03251,"Diepholz, Landkreis",2019,linear_interpolation,2016,2020,0.75,1637.5,127775.25,,,72.75,6298.0,,,0.044420893035082294,0.04931231020981815,,
03251,"Diepholz, Landkreis",2020,snapshot,2020,2020,0.0,1602.0,127191.0,1180.0,145535.0,71.0,6482.0,52.0,3661.0,0.04431960049937578,0.050962725350064075,1.1442240410091908,0.0251554608856976
03252,"Hameln-Pyrmont, Landkreis",2010,snapshot,2010,2010,0.0,524.0,38853.0,,,19.0,2072.0,,,0.03625954198473282,0.05332921524721386,,
03252,"Hameln-Pyrmont, Landkreis",2011,linear_interpolation,2010,2016,0.16666666666666666,517.3333333333334,38915.666666666664,,,19.166666666666668,2056.3333333333335,,,0.03710333732887515,0.052844659667868,,
03252,"Hameln-Pyrmont, Landkreis",2012,linear_interpolation,2010,2016,0.3333333333333333,510.6666666666667,38978.333333333336,,,19.333333333333332,2040.6666666666667,,,0.03794713267301748,0.05236010408852214,,
03252,"Hameln-Pyrmont, Landkreis",2013,linear_interpolation,2010,2016,0.5,504.0,39041.0,,,19.5,2025.0,,,0.038790928017159804,0.05187554850917628,,
03252,"Hameln-Pyrmont, Landkreis",2014,linear_interpolation,2010,2016,0.6666666666666666,497.3333333333333,39103.666666666664,,,19.666666666666668,2009.3333333333333,,,0.039634723361302124,0.05139099292983042,,
03252,"Hameln-Pyrmont, Landkreis",2015,linear_interpolation,2010,2016,0.8333333333333334,490.6666666666667,39166.333333333336,,,19.833333333333332,1993.6666666666667,,,0.04047851870544445,0.05090643735048456,,
03252,"Hameln-Pyrmont, Landkreis",2016,snapshot,2016,2016,0.0,484.0,39229.0,,,20.0,1978.0,,,0.04132231404958678,0.050421881771138696,,
03252,"Hameln-Pyrmont, Landkreis",2017,linear_interpolation,2016,2020,0.25,482.5,39150.25,,,24.5,2226.25,,,0.050866212524637786,0.05690337231925704,,
03252,"Hameln-Pyrmont, Landkreis",2018,linear_interpolation,2016,2020,0.5,481.0,39071.5,,,29.0,2474.5,,,0.060410110999688786,0.06338486286737538,,
03252,"Hameln-Pyrmont, Landkreis",2019,linear_interpolation,2016,2020,0.75,479.5,38992.75,,,33.5,2722.75,,,0.06995400947473979,0.06986635341549371,,
03252,"Hameln-Pyrmont, Landkreis",2020,snapshot,2020,2020,0.0,478.0,38914.0,277.0,12186.0,38.0,2971.0,18.0,720.0,0.0794979079497908,0.07634784396361206,0.3131520789433109,0.059084194977843424
03254,"Hildesheim, Landkreis",2010,snapshot,2010,2010,0.0,918.0,68195.0,,,14.0,825.0,,,0.015250544662309368,0.012097661118850356,,
03254,"Hildesheim, Landkreis",2011,linear_interpolation,2010,2016,0.16666666666666666,900.3333333333334,68146.66666666667,,,13.833333333333334,861.6666666666666,,,0.015377095921382603,0.012646242032687006,,
03254,"Hildesheim, Landkreis",2012,linear_interpolation,2010,2016,0.3333333333333333,882.6666666666666,68098.33333333333,,,13.666666666666666,898.3333333333334,,,0.015503647180455835,0.013194822946523656,,
03254,"Hildesheim, Landkreis",2013,linear_interpolation,2010,2016,0.5,865.0,68050.0,,,13.5,935.0,,,0.01563019843952907,0.013743403860360309,,
03254,"Hildesheim, Landkreis",2014,linear_interpolation,2010,2016,0.6666666666666666,847.3333333333334,68001.66666666667,,,13.333333333333334,971.6666666666666,,,0.0157567496986023,0.014291984774196957,,
03254,"Hildesheim, Landkreis",2015,linear_interpolation,2010,2016,0.8333333333333334,829.6666666666666,67953.33333333333,,,13.166666666666666,1008.3333333333334,,,0.015883300957675536,0.01484056568803361,,
03254,"Hildesheim, Landkreis",2016,snapshot,2016,2016,0.0,812.0,67905.0,,,13.0,1045.0,,,0.01600985221674877,0.01538914660187026,,
03254,"Hildesheim, Landkreis",2017,linear_interpolation,2016,2020,0.25,801.25,67639.25,,,15.75,1278.0,,,0.01980972986477224,0.018936162934556997,,
03254,"Hildesheim, Landkreis",2018,linear_interpolation,2016,2020,0.5,790.5,67373.5,,,18.5,1511.0,,,0.023609607512795713,0.022483179267243737,,
03254,"Hildesheim, Landkreis",2019,linear_interpolation,2016,2020,0.75,779.75,67107.75,,,21.25,1744.0,,,0.02740948516081918,0.026030195599930476,,
03254,"Hildesheim, Landkreis",2020,snapshot,2020,2020,0.0,769.0,66842.0,252.0,8400.0,24.0,1977.0,10.0,279.0,0.031209362808842653,0.029577211932617215,0.12566948924329013,0.03321428571428572
03255,"Holzminden, Landkreis",2010,snapshot,2010,2010,0.0,356.0,26416.0,,,19.0,969.0,,,0.05337078651685393,0.036682313749242884,,
03255,"Holzminden, Landkreis",2011,linear_interpolation,2010,2016,0.16666666666666666,350.5,26274.333333333332,,,18.166666666666668,948.5,,,0.05169959763917394,0.0360837320827513,,
03255,"Holzminden, Landkreis",2012,linear_interpolation,2010,2016,0.3333333333333333,345.0,26132.666666666668,,,17.333333333333332,928.0,,,0.050028408761493955,0.03548515041625971,,
03255,"Holzminden, Landkreis",2013,linear_interpolation,2010,2016,0.5,339.5,25991.0,,,16.5,907.5,,,0.04835721988381396,0.03488656874976812,,
03255,"Holzminden, Landkreis",2014,linear_interpolation,2010,2016,0.6666666666666666,334.0,25849.333333333332,,,15.666666666666668,887.0,,,0.04668603100613397,0.03428798708327654,,
03255,"Holzminden, Landkreis",2015,linear_interpolation,2010,2016,0.8333333333333334,328.5,25707.666666666668,,,14.833333333333332,866.5,,,0.04501484212845398,0.033689405416784945,,
03255,"Holzminden, Landkreis",2016,snapshot,2016,2016,0.0,323.0,25566.0,,,14.0,846.0,,,0.043343653250773995,0.03309082375029336,,
03255,"Holzminden, Landkreis",2017,linear_interpolation,2016,2020,0.25,319.0,25380.0,,,15.0,919.5,,,0.047165720394106554,0.03629986787315029,,
03255,"Holzminden, Landkreis",2018,linear_interpolation,2016,2020,0.5,315.0,25194.0,,,16.0,993.0,,,0.050987787537439114,0.03950891199600721,,
03255,"Holzminden, Landkreis",2019,linear_interpolation,2016,2020,0.75,311.0,25008.0,,,17.0,1066.5,,,0.05480985468077167,0.04271795611886413,,
03255,"Holzminden, Landkreis",2020,snapshot,2020,2020,0.0,307.0,24822.0,218.0,11814.0,18.0,1140.0,16.0,638.0,0.05863192182410423,0.045927000241721055,0.4759487551365724,0.054003724394785846
03256,"Nienburg (Weser), Landkreis",2010,snapshot,2010,2010,0.0,1337.0,82384.0,,,33.0,2294.0,,,0.02468212415856395,0.02784521266265294,,
03256,"Nienburg (Weser), Landkreis",2011,linear_interpolation,2010,2016,0.16666666666666666,1311.8333333333333,82288.16666666667,,,31.333333333333332,2197.8333333333335,,,0.02380058969368806,0.0267023290298029,,
03256,"Nienburg (Weser), Landkreis",2012,linear_interpolation,2010,2016,0.3333333333333333,1286.6666666666667,82192.33333333333,,,29.666666666666668,2101.6666666666665,,,0.022919055228812168,0.025559445396952856,,
03256,"Nienburg (Weser), Landkreis",2013,linear_interpolation,2010,2016,0.5,1261.5,82096.5,,,28.0,2005.5,,,0.022037520763936273,0.024416561764102816,,
03256,"Nienburg (Weser), Landkreis",2014,linear_interpolation,2010,2016,0.6666666666666666,1236.3333333333333,82000.66666666667,,,26.333333333333336,1909.3333333333335,,,0.021155986299060382,0.023273678131252775,,
03256,"Nienburg (Weser), Landkreis",2015,linear_interpolation,2010,2016,0.8333333333333334,1211.1666666666667,81904.83333333333,,,24.666666666666664,1813.1666666666665,,,0.02027445183418449,0.02213079449840273,,
03256,"Nienburg (Weser), Landkreis",2016,snapshot,2016,2016,0.0,1186.0,81809.0,,,23.0,1717.0,,,0.0193929173693086,0.02098791086555269,,
03256,"Nienburg (Weser), Landkreis",2017,linear_interpolation,2016,2020,0.25,1160.75,81247.0,,,26.25,1989.75,,,0.022839618902557486,0.024564351658233032,,
03256,"Nienburg (Weser), Landkreis",2018,linear_interpolation,2016,2020,0.5,1135.5,80685.0,,,29.5,2262.5,,,0.026286320435806376,0.028140792450913374,,
03256,"Nienburg (Weser), Landkreis",2019,linear_interpolation,2016,2020,0.75,1110.25,80123.0,,,32.75,2535.25,,,0.029733021969055265,0.03171723324359371,,
03256,"Nienburg (Weser), Landkreis",2020,snapshot,2020,2020,0.0,1085.0,79561.0,716.0,63190.0,36.0,2808.0,21.0,1150.0,0.03317972350230415,0.03529367403627406,0.7942333555385176,0.01819908213324893
03257,"Schaumburg, Landkreis",2010,snapshot,2010,2010,0.0,479.0,33048.0,,,22.0,780.0,,,0.04592901878914405,0.023602033405954976,,
03257,"Schaumburg, Landkreis",2011,linear_interpolation,2010,2016,0.16666666666666666,473.3333333333333,33136.166666666664,,,22.166666666666668,806.3333333333334,,,0.046888414534024536,0.02432432606823496,,
03257,"Schaumburg, Landkreis",2012,linear_interpolation,2010,2016,0.3333333333333333,467.6666666666667,33224.333333333336,,,22.333333333333332,832.6666666666666,,,0.04784781027890502,0.02504661873051494,,
03257,"Schaumburg, Landkreis",2013,linear_interpolation,2010,2016,0.5,462.0,33312.5,,,22.5,859.0,,,0.04880720602378551,0.02576891139279492,,
03257,"Schaumburg, Landkreis",2014,linear_interpolation,2010,2016,0.6666666666666666,456.3333333333333,33400.666666666664,,,22.666666666666668,885.3333333333334,,,0.04976660176866599,0.026491204055074904,,
03257,"Schaumburg, Landkreis",2015,linear_interpolation,2010,2016,0.8333333333333334,450.6666666666667,33488.833333333336,,,22.833333333333332,911.6666666666667,,,0.05072599751354648,0.027213496717354888,,
03257,"Schaumburg, Landkreis",2016,snapshot,2016,2016,0.0,445.0,33577.0,,,23.0,938.0,,,0.051685393258426963,0.027935789379634868,,
03257,"Schaumburg, Landkreis",2017,linear_interpolation,2016,2020,0.25,438.75,33415.5,,,23.5,1033.25,,,0.053644997324772604,0.030965203305261514,,
03257,"Schaumburg, Landkreis",2018,linear_interpolation,2016,2020,0.5,432.5,33254.0,,,24.0,1128.5,,,0.05560460139111824,0.03399461723088816,,
03257,"Schaumburg, Landkreis",2019,linear_interpolation,2016,2020,0.75,426.25,33092.5,,,24.5,1223.75,,,0.05756420545746388,0.0370240311565148,,
03257,"Schaumburg, Landkreis",2020,snapshot,2020,2020,0.0,420.0,32931.0,267.0,15684.0,25.0,1319.0,15.0,532.0,0.05952380952380952,0.040053445082141446,0.47626856153776076,0.033919918388166284
03351,"Celle, Landkreis",2010,snapshot,2010,2010,0.0,668.0,51166.0,,,16.0,843.0,,,0.023952095808383235,0.01647578470077786,,
03351,"Celle, Landkreis",2011,linear_interpolation,2010,2016,0.16666666666666666,662.6666666666666,51342.833333333336,,,15.833333333333334,824.6666666666666,,,0.023890897450382257,0.01606896827897967,,
03351,"Celle, Landkreis",2012,linear_interpolation,2010,2016,0.3333333333333333,657.3333333333334,51519.666666666664,,,15.666666666666666,806.3333333333334,,,0.023829699092381276,0.015662151857181474,,
03351,"Celle, Landkreis",2013,linear_interpolation,2010,2016,0.5,652.0,51696.5,,,15.5,788.0,,,0.023768500734380298,0.015255335435383282,,
03351,"Celle, Landkreis",2014,linear_interpolation,2010,2016,0.6666666666666666,646.6666666666666,51873.333333333336,,,15.333333333333334,769.6666666666666,,,0.02370730237637932,0.014848519013585089,,
03351,"Celle, Landkreis",2015,linear_interpolation,2010,2016,0.8333333333333334,641.3333333333334,52050.166666666664,,,15.166666666666666,751.3333333333334,,,0.023646104018378338,0.014441702591786896,,
03351,"Celle, Landkreis",2016,snapshot,2016,2016,0.0,636.0,52227.0,,,15.0,733.0,,,0.02358490566037736,0.014034886169988704,,
03351,"Celle, Landkreis",2017,linear_interpolation,2016,2020,0.25,626.0,52072.75,,,16.0,821.75,,,0.02565847790300114,0.015796461081667074,,
03351,"Celle, Landkreis",2018,linear_interpolation,2016,2020,0.5,616.0,51918.5,,,17.0,910.5,,,0.027732050145624923,0.017558035993345447,,
03351,"Celle, Landkreis",2019,linear_interpolation,2016,2020,0.75,606.0,51764.25,,,18.0,999.25,,,0.029805622388248704,0.01931961090502382,,
03351,"Celle, Landkreis",2020,snapshot,2020,2020,0.0,596.0,51610.0,394.0,28644.0,19.0,1088.0,13.0,648.0,0.031879194630872486,0.02108118581670219,0.5550087192404572,0.02262253875157101
03352,"Cuxhaven, Landkreis",2010,snapshot,2010,2010,0.0,2085.0,134870.0,,,54.0,2713.0,,,0.025899280575539568,0.0201156669385334,,
03352,"Cuxhaven, Landkreis",2011,linear_interpolation,2010,2016,0.16666666666666666,2052.0,135101.33333333334,,,56.333333333333336,2908.1666666666665,,,0.027588739818955647,0.02151384717295305,,
03352,"Cuxhaven, Landkreis",2012,linear_interpolation,2010,2016,0.3333333333333333,2019.0,135332.66666666666,,,58.666666666666664,3103.3333333333335,,,0.029278199062371724,0.0229120274073727,,
03352,"Cuxhaven, Landkreis",2013,linear_interpolation,2010,2016,0.5,1986.0,135564.0,,,61.0,3298.5,,,0.0309676583057878,0.02431020764179235,,
03352,"Cuxhaven, Landkreis",2014,linear_interpolation,2010,2016,0.6666666666666666,1953.0,135795.33333333334,,,63.33333333333333,3493.6666666666665,,,0.032657117549203876,0.025708387876211998,,
03352,"Cuxhaven, Landkreis",2015,linear_interpolation,2010,2016,0.8333333333333334,1920.0,136026.66666666666,,,65.66666666666667,3688.8333333333335,,,0.03434657679261996,0.02710656811063165,,
03352,"Cuxhaven, Landkreis",2016,snapshot,2016,2016,0.0,1887.0,136258.0,,,68.0,3884.0,,,0.036036036036036036,0.0285047483450513,,
03352,"Cuxhaven, Landkreis",2017,linear_interpolation,2016,2020,0.25,1851.5,135896.5,,,76.25,4361.5,,,0.04149694106714164,0.03212315372830157,,
03352,"Cuxhaven, Landkreis",2018,linear_interpolation,2016,2020,0.5,1816.0,135535.0,,,84.5,4839.0,,,0.04695784609824724,0.03574155911155185,,
03352,"Cuxhaven, Landkreis",2019,linear_interpolation,2016,2020,0.75,1780.5,135173.5,,,92.75,5316.5,,,0.05241875112935285,0.03935996449480213,,
03352,"Cuxhaven, Landkreis",2020,snapshot,2020,2020,0.0,1745.0,134812.0,1490.0,203279.0,101.0,5794.0,70.0,3750.0,0.057879656160458454,0.0429783698780524,1.5078702192683144,0.018447552378750388
03353,"Harburg, Landkreis",2010,snapshot,2010,2010,0.0,939.0,55174.0,,,44.0,3217.0,,,0.046858359957401494,0.05830644868960017,,
03353,"Harburg, Landkreis",2011,linear_interpolation,2010,2016,0.16666666666666666,926.8333333333334,55132.0,,,45.5,3138.5,,,0.049248787262422725,0.05692173711400138,,
03353,"Harburg, Landkreis",2012,linear_interpolation,2010,2016,0.3333333333333333,914.6666666666666,55090.0,,,47.0,3060.0,,,0.05163921456744395,0.05553702553840259,,
03353,"Harburg, Landkreis",2013,linear_interpolation,2010,2016,0.5,902.5,55048.0,,,48.5,2981.5,,,0.05402964187246518,0.0541523139628038,,
03353,"Harburg, Landkreis",2014,linear_interpolation,2010,2016,0.6666666666666666,890.3333333333334,55006.0,,,50.0,2903.0,,,0.056420069177486404,0.05276760238720501,,
03353,"Harburg, Landkreis",2015,linear_interpolation,2010,2016,0.8333333333333334,878.1666666666666,54964.0,,,51.5,2824.5,,,0.058810496482507635,0.05138289081160621,,
03353,"Harburg, Landkreis",2016,snapshot,2016,2016,0.0,866.0,54922.0,,,53.0,2746.0,,,0.061200923787528866,0.049998179236007426,,
03353,"Harburg, Landkreis",2017,linear_interpolation,2016,2020,0.25,859.5,54614.25,,,61.0,3102.5,,,0.0711983118882657,0.05692460898512518,,
03353,"Harburg, Landkreis",2018,linear_interpolation,2016,2020,0.5,853.0,54306.5,,,69.0,3459.0,,,0.08119569998900253,0.06385103873424294,,
03353,"Harburg, Landkreis",2019,linear_interpolation,2016,2020,0.75,846.5,53998.75,,,77.0,3815.5,,,0.09119308808973936,0.0707774684833607,,
03353,"Harburg, Landkreis",2020,snapshot,2020,2020,0.0,840.0,53691.0,563.0,38105.0,85.0,4172.0,55.0,2306.0,0.10119047619047619,0.07770389823247845,0.7097092622599691,0.06051699252066658
03354,"Lüchow-Dannenberg, Landkreis",2010,snapshot,2010,2010,0.0,636.0,60274.0,,,70.0,5371.0,,,0.11006289308176101,0.08910973222284899,,
03354,"Lüchow-Dannenberg, Landkreis",2011,linear_interpolation,2010,2016,0.16666666666666666,628.5,60336.666666666664,,,71.83333333333333,5638.5,,,0.1145617171620428,0.09342821186199218,,
03354,"Lüchow-Dannenberg, Landkreis",2012,linear_interpolation,2010,2016,0.3333333333333333,621.0,60399.333333333336,,,73.66666666666667,5906.0,,,0.1190605412423246,0.09774669150113538,,
03354,"Lüchow-Dannenberg, Landkreis",2013,linear_interpolation,2010,2016,0.5,613.5,60462.0,,,75.5,6173.5,,,0.12355936532260639,0.10206517114027858,,
03354,"Lüchow-Dannenberg, Landkreis",2014,linear_interpolation,2010,2016,0.6666666666666666,606.0,60524.666666666664,,,77.33333333333333,6441.0,,,0.12805818940288818,0.10638365077942177,,
03354,"Lüchow-Dannenberg, Landkreis",2015,linear_interpolation,2010,2016,0.8333333333333334,598.5,60587.333333333336,,,79.16666666666667,6708.5,,,0.13255701348316998,0.11070213041856497,,
03354,"Lüchow-Dannenberg, Landkreis",2016,snapshot,2016,2016,0.0,591.0,60650.0,,,81.0,6976.0,,,0.13705583756345177,0.11502061005770817,,
03354,"Lüchow-Dannenberg, Landkreis",2017,linear_interpolation,2016,2020,0.25,581.0,60171.5,,,88.0,7724.25,,,0.15224741356278848,0.12869684544848406,,
03354,"Lüchow-Dannenberg, Landkreis",2018,linear_interpolation,2016,2020,0.5,571.0,59693.0,,,95.0,8472.5,,,0.16743898956212516,0.14237308083925998,,
03354,"Lüchow-Dannenberg, Landkreis",2019,linear_interpolation,2016,2020,0.75,561.0,59214.5,,,102.0,9220.75,,,0.18263056556146184,0.15604931623003587,,
03354,"Lüchow-Dannenberg, Landkreis",2020,snapshot,2020,2020,0.0,551.0,58736.0,345.0,20088.0,109.0,9969.0,71.0,2605.0,0.19782214156079855,0.16972555162081177,0.3420049032961046,0.12967941059338908
03355,"Lüneburg, Landkreis",2010,snapshot,2010,2010,0.0,650.0,63491.0,,,53.0,5645.0,,,0.08153846153846153,0.08891023924650737,,
03355,"Lüneburg, Landkreis",2011,linear_interpolation,2010,2016,0.16666666666666666,642.1666666666666,63275.0,,,52.833333333333336,5526.166666666667,,,0.08232129948547859,0.08730836254169047,,
03355,"Lüneburg, Landkreis",2012,linear_interpolation,2010,2016,0.3333333333333333,634.3333333333334,63059.0,,,52.666666666666664,5407.333333333333,,,0.08310413743249563,0.08570648583687356,,
03355,"Lüneburg, Landkreis",2013,linear_interpolation,2010,2016,0.5,626.5,62843.0,,,52.5,5288.5,,,0.08388697537951269,0.08410460913205664,,
03355,"Lüneburg, Landkreis",2014,linear_interpolation,2010,2016,0.6666666666666666,618.6666666666666,62627.0,,,52.333333333333336,5169.666666666667,,,0.08466981332652974,0.08250273242723974,,
03355,"Lüneburg, Landkreis",2015,linear_interpolation,2010,2016,0.8333333333333334,610.8333333333334,62411.0,,,52.166666666666664,5050.833333333333,,,0.08545265127354679,0.08090085572242284,,
03355,"Lüneburg, Landkreis",2016,snapshot,2016,2016,0.0,603.0,62195.0,,,52.0,4932.0,,,0.08623548922056384,0.07929897901760592,,
03355,"Lüneburg, Landkreis",2017,linear_interpolation,2016,2020,0.25,599.5,61941.0,,,58.25,5502.5,,,0.0973591296488694,0.08895330387859535,,
03355,"Lüneburg, Landkreis",2018,linear_interpolation,2016,2020,0.5,596.0,61687.0,,,64.5,6073.0,,,0.10848277007717497,0.09860762873958476,,
03355,"Lüneburg, Landkreis",2019,linear_interpolation,2016,2020,0.75,592.5,61433.0,,,70.75,6643.5,,,0.11960641050548053,0.10826195360057418,,
03355,"Lüneburg, Landkreis",2020,snapshot,2020,2020,0.0,589.0,61179.0,356.0,25788.0,77.0,7214.0,46.0,2641.0,0.1307300509337861,0.1179162784615636,0.4215171872701417,0.1024119745618117
03356,"Osterholz, Landkreis",2010,snapshot,2010,2010,0.0,814.0,39518.0,,,35.0,2683.0,,,0.042997542997543,0.06789311199959512,,
03356,"Osterholz, Landkreis",2011,linear_interpolation,2010,2016,0.16666666666666666,801.6666666666666,39533.333333333336,,,35.333333333333336,2684.8333333333335,,,0.04416461916461917,0.06791311466599265,,
03356,"Osterholz, Landkreis",2012,linear_interpolation,2010,2016,0.3333333333333333,789.3333333333334,39548.666666666664,,,35.666666666666664,2686.6666666666665,,,0.045331695331695336,0.06793311733239019,,
03356,"Osterholz, Landkreis",2013,linear_interpolation,2010,2016,0.5,777.0,39564.0,,,36.0,2688.5,,,0.046498771498771505,0.06795311999878771,,
03356,"Osterholz, Landkreis",2014,linear_interpolation,2010,2016,0.6666666666666666,764.6666666666666,39579.333333333336,,,36.333333333333336,2690.3333333333335,,,0.047665847665847666,0.06797312266518524,,
03356,"Osterholz, Landkreis",2015,linear_interpolation,2010,2016,0.8333333333333334,752.3333333333334,39594.666666666664,,,36.666666666666664,2692.1666666666665,,,0.048832923832923834,0.06799312533158278,,
03356,"Osterholz, Landkreis",2016,snapshot,2016,2016,0.0,740.0,39610.0,,,37.0,2694.0,,,0.05,0.0680131279979803,,
03356,"Osterholz, Landkreis",2017,linear_interpolation,2016,2020,0.25,723.75,39319.25,,,43.75,3002.5,,,0.061203703703703705,0.07655150074397903,,
03356,"Osterholz, Landkreis",2018,linear_interpolation,2016,2020,0.5,707.5,39028.5,,,50.5,3311.0,,,0.0724074074074074,0.08508987348997774,,
03356,"Osterholz, Landkreis",2019,linear_interpolation,2016,2020,0.75,691.25,38737.75,,,57.25,3619.5,,,0.08361111111111111,0.09362824623597646,,
03356,"Osterholz, Landkreis",2020,snapshot,2020,2020,0.0,675.0,38447.0,565.0,49436.0,64.0,3928.0,45.0,2268.0,0.09481481481481481,0.10216661898197518,1.2858220407313965,0.045877498179464356
03357,"Rotenburg (Wümme), Landkreis",2010,snapshot,2010,2010,0.0,1821.0,123400.0,,,31.0,1515.0,,,0.017023613399231193,0.012277147487844408,,
03357,"Rotenburg (Wümme), Landkreis",2011,linear_interpolation,2010,2016,0.16666666666666666,1793.5,123840.33333333333,,,32.666666666666664,1563.6666666666667,,,0.01831275351707269,0.01262037140835915,,
03357,"Rotenburg (Wümme), Landkreis",2012,linear_interpolation,2010,2016,0.3333333333333333,1766.0,124280.66666666667,,,34.333333333333336,1612.3333333333333,,,0.019601893634914193,0.012963595328873893,,
03357,"Rotenburg (Wümme), Landkreis",2013,linear_interpolation,2010,2016,0.5,1738.5,124721.0,,,36.0,1661.0,,,0.020891033752755694,0.013306819249388636,,
03357,"Rotenburg (Wümme), Landkreis",2014,linear_interpolation,2010,2016,0.6666666666666666,1711.0,125161.33333333333,,,37.666666666666664,1709.6666666666667,,,0.022180173870597193,0.013650043169903378,,
03357,"Rotenburg (Wümme), Landkreis",2015,linear_interpolation,2010,2016,0.8333333333333334,1683.5,125601.66666666667,,,39.333333333333336,1758.3333333333333,,,0.02346931398843869,0.013993267090418121,,
03357,"Rotenburg (Wümme), Landkreis",2016,snapshot,2016,2016,0.0,1656.0,126042.0,,,41.0,1807.0,,,0.024758454106280192,0.014336491010932864,,
03357,"Rotenburg (Wümme), Landkreis",2017,linear_interpolation,2016,2020,0.25,1621.25,125885.75,,,46.75,2201.75,,,0.029115973078062154,0.017501851980502046,,
03357,"Rotenburg (Wümme), Landkreis",2018,linear_interpolation,2016,2020,0.5,1586.5,125729.5,,,52.5,2596.5,,,0.033473492049844115,0.02066721295007123,,
03357,"Rotenburg (Wümme), Landkreis",2019,linear_interpolation,2016,2020,0.75,1551.75,125573.25,,,58.25,2991.25,,,0.037831011021626074,0.023832573919640415,,
03357,"Rotenburg (Wümme), Landkreis",2020,snapshot,2020,2020,0.0,1517.0,125417.0,1241.0,163018.0,64.0,3386.0,43.0,1527.0,0.04218852999340804,0.026997934889209596,1.2998078410422829,0.009367063759830202
03358,Heidekreis,2010,snapshot,2010,2010,0.0,975.0,69698.0,,,34.0,7207.0,,,0.03487179487179487,0.10340325403885334,,
03358,Heidekreis,2011,linear_interpolation,2010,2016,0.16666666666666666,963.5,69657.16666666667,,,33.333333333333336,7203.666666666667,,,0.03457859285673855,0.1034160535753253,,
03358,Heidekreis,2012,linear_interpolation,2010,2016,0.3333333333333333,952.0,69616.33333333333,,,32.666666666666664,7200.333333333333,,,0.03428539084168223,0.10342885311179724,,
03358,Heidekreis,2013,linear_interpolation,2010,2016,0.5,940.5,69575.5,,,32.0,7197.0,,,0.03399218882662591,0.1034416526482692,,
03358,Heidekreis,2014,linear_interpolation,2010,2016,0.6666666666666666,929.0,69534.66666666667,,,31.333333333333332,7193.666666666667,,,0.033698986811569596,0.10345445218474116,,
03358,Heidekreis,2015,linear_interpolation,2010,2016,0.8333333333333334,917.5,69493.83333333333,,,30.666666666666668,7190.333333333333,,,0.03340578479651327,0.1034672517212131,,
03358,Heidekreis,2016,snapshot,2016,2016,0.0,906.0,69453.0,,,30.0,7187.0,,,0.033112582781456956,0.10348005125768506,,
03358,Heidekreis,2017,linear_interpolation,2016,2020,0.25,898.5,69161.25,,,34.25,7618.25,,,0.03824767909522514,0.11023751698937867,,
03358,Heidekreis,2018,linear_interpolation,2016,2020,0.5,891.0,68869.5,,,38.5,8049.5,,,0.04338277540899332,0.11699498272107227,,
03358,Heidekreis,2019,linear_interpolation,2016,2020,0.75,883.5,68577.75,,,42.75,8480.75,,,0.048517871722761494,0.12375244845276587,,
03358,Heidekreis,2020,snapshot,2020,2020,0.0,876.0,68286.0,636.0,47444.0,47.0,8912.0,31.0,1682.0,0.05365296803652968,0.13050991418445948,0.6947837038338752,0.035452322738386305
03359,"Stade, Landkreis",2010,snapshot,2010,2010,0.0,1461.0,78668.0,,,55.0,2667.0,,,0.03764544832306639,0.033901967763258246,,
03359,"Stade, Landkreis",2011,linear_interpolation,2010,2016,0.16666666666666666,1430.6666666666667,78926.5,,,56.333333333333336,2704.6666666666665,,,0.03958074563799968,0.034262269038515536,,
03359,"Stade, Landkreis",2012,linear_interpolation,2010,2016,0.3333333333333333,1400.3333333333333,79185.0,,,57.666666666666664,2742.3333333333335,,,0.04151604295293298,0.034622570313772826,,
03359,"Stade, Landkreis",2013,linear_interpolation,2010,2016,0.5,1370.0,79443.5,,,59.0,2780.0,,,0.04345134026786627,0.034982871589030115,,
03359,"Stade, Landkreis",2014,linear_interpolation,2010,2016,0.6666666666666666,1339.6666666666667,79702.0,,,60.333333333333336,2817.6666666666665,,,0.04538663758279956,0.0353431728642874,,
03359,"Stade, Landkreis",2015,linear_interpolation,2010,2016,0.8333333333333334,1309.3333333333333,79960.5,,,61.666666666666664,2855.3333333333335,,,0.047321934897732856,0.03570347413954469,,
03359,"Stade, Landkreis",2016,snapshot,2016,2016,0.0,1279.0,80219.0,,,63.0,2893.0,,,0.04925723221266615,0.03606377541480198,,
03359,"Stade, Landkreis",2017,linear_interpolation,2016,2020,0.25,1255.75,80185.0,,,66.0,3138.0,,,0.05275236766708814,0.03913841258329096,,
03359,"Stade, Landkreis",2018,linear_interpolation,2016,2020,0.5,1232.5,80151.0,,,69.0,3383.0,,,0.05624750312151014,0.042213049751779946,,
03359,"Stade, Landkreis",2019,linear_interpolation,2016,2020,0.75,1209.25,80117.0,,,72.0,3628.0,,,0.059742638575932136,0.04528768692026893,,
03359,"Stade, Landkreis",2020,snapshot,2020,2020,0.0,1186.0,80083.0,684.0,101974.0,75.0,3873.0,19.0,1295.0,0.06323777403035413,0.048362324088757916,1.2733538953335914,0.012699315511797125
03360,"Uelzen, Landkreis",2010,snapshot,2010,2010,0.0,751.0,73156.0,,,39.0,2362.0,,,0.05193075898801598,0.032287167149652796,,
03360,"Uelzen, Landkreis",2011,linear_interpolation,2010,2016,0.16666666666666666,742.8333333333334,73381.0,,,38.833333333333336,2355.3333333333335,,,0.052297474845189006,0.0321001851713512,,
03360,"Uelzen, Landkreis",2012,linear_interpolation,2010,2016,0.3333333333333333,734.6666666666666,73606.0,,,38.666666666666664,2348.6666666666665,,,0.05266419070236203,0.031913203193049605,,
03360,"Uelzen, Landkreis",2013,linear_interpolation,2010,2016,0.5,726.5,73831.0,,,38.5,2342.0,,,0.05303090655953506,0.03172622121474802,,
03360,"Uelzen, Landkreis",2014,linear_interpolation,2010,2016,0.6666666666666666,718.3333333333334,74056.0,,,38.333333333333336,2335.3333333333335,,,0.05339762241670808,0.03153923923644642,,
03360,"Uelzen, Landkreis",2015,linear_interpolation,2010,2016,0.8333333333333334,710.1666666666666,74281.0,,,38.166666666666664,2328.6666666666665,,,0.05376433827388111,0.031352257258144826,,
03360,"Uelzen, Landkreis",2016,snapshot,2016,2016,0.0,702.0,74506.0,,,38.0,2322.0,,,0.05413105413105413,0.031165275279843235,,
03360,"Uelzen, Landkreis",2017,linear_interpolation,2016,2020,0.25,687.25,73922.75,,,42.5,2761.25,,,0.06237122994510242,0.03750320146840362,,
03360,"Uelzen, Landkreis",2018,linear_interpolation,2016,2020,0.5,672.5,73339.5,,,47.0,3200.5,,,0.0706114057591507,0.043841127656964005,,
03360,"Uelzen, Landkreis",2019,linear_interpolation,2016,2020,0.75,657.75,72756.25,,,51.5,3639.75,,,0.07885158157319899,0.05017905384552439,,
03360,"Uelzen, Landkreis",2020,snapshot,2020,2020,0.0,643.0,72173.0,318.0,20186.0,56.0,4079.0,31.0,1453.0,0.08709175738724728,0.05651698003408477,0.27968908040402923,0.07198058060041614
03361,"Verden, Landkreis",2010,snapshot,2010,2010,0.0,783.0,45719.0,,,32.0,1525.0,,,0.04086845466155811,0.033355935169185676,,
03361,"Verden, Landkreis",2011,linear_interpolation,2010,2016,0.16666666666666666,769.8333333333334,45787.666666666664,,,31.833333333333332,1577.8333333333333,,,0.04139606070281358,0.03445157351328652,,
03361,"Verden, Landkreis",2012,linear_interpolation,2010,2016,0.3333333333333333,756.6666666666666,45856.333333333336,,,31.666666666666668,1630.6666666666667,,,0.04192366674406905,0.03554721185738736,,
03361,"Verden, Landkreis",2013,linear_interpolation,2010,2016,0.5,743.5,45925.0,,,31.5,1683.5,,,0.04245127278532451,0.036642850201488206,,
03361,"Verden, Landkreis",2014,linear_interpolation,2010,2016,0.6666666666666666,730.3333333333334,45993.666666666664,,,31.333333333333332,1736.3333333333333,,,0.042978878826579976,0.03773848854558905,,
03361,"Verden, Landkreis",2015,linear_interpolation,2010,2016,0.8333333333333334,717.1666666666666,46062.333333333336,,,31.166666666666668,1789.1666666666667,,,0.04350648486783545,0.03883412688968989,,
03361,"Verden, Landkreis",2016,snapshot,2016,2016,0.0,704.0,46131.0,,,31.0,1842.0,,,0.04403409090909091,0.03992976523379073,,
03361,"Verden, Landkreis",2017,linear_interpolation,2016,2020,0.25,695.25,45924.75,,,34.75,2027.5,,,0.05021540375730398,0.04420592102065051,,
03361,"Verden, Landkreis",2018,linear_interpolation,2016,2020,0.5,686.5,45718.5,,,38.5,2213.0,,,0.05639671660551705,0.048482076807510294,,
03361,"Verden, Landkreis",2019,linear_interpolation,2016,2020,0.75,677.75,45512.25,,,42.25,2398.5,,,0.06257802945373012,0.052758232594370076,,
03361,"Verden, Landkreis",2020,snapshot,2020,2020,0.0,669.0,45306.0,504.0,52501.0,46.0,2584.0,30.0,1401.0,0.0687593423019432,0.05703438838122986,1.1588089877720391,0.026685205996076267
03401,"Delmenhorst, kreisfreie Stadt",2010,snapshot,2010,2010,0.0,69.0,2841.0,,,6.0,,,,0.08695652173913043,,,
03401,"Delmenhorst, kreisfreie Stadt",2011,linear_interpolation,2010,2016,0.16666666666666666,68.16666666666667,2813.1666666666665,,,5.666666666666667,,,,0.08288043478260869,,,
03401,"Delmenhorst, kreisfreie Stadt",2012,linear_interpolation,2010,2016,0.3333333333333333,67.33333333333333,2785.3333333333335,,,5.333333333333333,,,,0.07880434782608696,,,
03401,"Delmenhorst, kreisfreie Stadt",2013,linear_interpolation,2010,2016,0.5,66.5,2757.5,,,5.0,,,,0.07472826086956522,,,
03401,"Delmenhorst, kreisfreie Stadt",2014,linear_interpolation,2010,2016,0.6666666666666666,65.66666666666667,2729.6666666666665,,,4.666666666666667,,,,0.07065217391304349,,,
03401,"Delmenhorst, kreisfreie Stadt",2015,linear_interpolation,2010,2016,0.8333333333333334,64.83333333333333,2701.8333333333335,,,4.333333333333333,,,,0.06657608695652173,,,
03401,"Delmenhorst, kreisfreie Stadt",2016,snapshot,2016,2016,0.0,64.0,2674.0,,,4.0,205.0,,,0.0625,0.07666417352281227,,
03401,"Delmenhorst, kreisfreie Stadt",2017,linear_interpolation,2016,2020,0.25,62.0,2632.25,,,4.25,207.75,,,0.06919642857142858,0.07903781901326995,,
03401,"Delmenhorst, kreisfreie Stadt",2018,linear_interpolation,2016,2020,0.5,60.0,2590.5,,,4.5,210.5,,,0.07589285714285715,0.08141146450372763,,
03401,"Delmenhorst, kreisfreie Stadt",2019,linear_interpolation,2016,2020,0.75,58.0,2548.75,,,4.75,213.25,,,0.08258928571428571,0.08378510999418531,,
03401,"Delmenhorst, kreisfreie Stadt",2020,snapshot,2020,2020,0.0,56.0,2507.0,46.0,3527.0,5.0,216.0,4.0,113.0,0.08928571428571429,0.086158755484643,1.4068607897885919,0.032038559682449674
03402,"Emden, kreisfreie Stadt",2010,snapshot,2010,2010,0.0,65.0,5187.0,,,3.0,,,,0.046153846153846156,,,
03402,"Emden, kreisfreie Stadt",2011,linear_interpolation,2010,2016,0.16666666666666666,64.0,5120.166666666667,,,2.8333333333333335,,,,0.04411125597566276,,,
03402,"Emden, kreisfreie Stadt",2012,linear_interpolation,2010,2016,0.3333333333333333,63.0,5053.333333333333,,,2.6666666666666665,,,,0.04206866579747936,,,
03402,"Emden, kreisfreie Stadt",2013,linear_interpolation,2010,2016,0.5,62.0,4986.5,,,2.5,,,,0.040026075619295956,,,
03402,"Emden, kreisfreie Stadt",2014,linear_interpolation,2010,2016,0.6666666666666666,61.0,4919.666666666667,,,2.3333333333333335,,,,0.03798348544111256,,,
03402,"Emden, kreisfreie Stadt",2015,linear_interpolation,2010,2016,0.8333333333333334,60.0,4852.833333333333,,,2.1666666666666665,,,,0.035940895262929165,,,
03402,"Emden, kreisfreie Stadt",2016,snapshot,2016,2016,0.0,59.0,4786.0,,,2.0,,,,0.03389830508474576,,,
03402,"Emden, kreisfreie Stadt",2017,linear_interpolation,2016,2020,0.25,58.0,4786.5,,,2.25,,,,0.03906009244992296,,,
03402,"Emden, kreisfreie Stadt",2018,linear_interpolation,2016,2020,0.5,57.0,4787.0,,,2.5,,,,0.04422187981510015,,,
03402,"Emden, kreisfreie Stadt",2019,linear_interpolation,2016,2020,0.75,56.0,4787.5,,,2.75,,,,0.04938366718027735,,,
03402,"Emden, kreisfreie Stadt",2020,snapshot,2020,2020,0.0,55.0,4788.0,43.0,5653.0,3.0,,2.0,,0.05454545454545454,,1.1806599832915623,
03403,"Oldenburg (Oldenburg), kreisfreie Stadt",2010,snapshot,2010,2010,0.0,51.0,2209.0,,,1.0,,,,0.0196078431372549,,,
03403,"Oldenburg (Oldenburg), kreisfreie Stadt",2011,linear_interpolation,2010,2016,0.16666666666666666,49.833333333333336,2250.3333333333335,,,,,,,,,,
03403,"Oldenburg (Oldenburg), kreisfreie Stadt",2012,linear_interpolation,2010,2016,0.3333333333333333,48.666666666666664,2291.6666666666665,,,,,,,,,,
03403,"Oldenburg (Oldenburg), kreisfreie Stadt",2013,linear_interpolation,2010,2016,0.5,47.5,2333.0,,,,,,,,,,
03403,"Oldenburg (Oldenburg), kreisfreie Stadt",2014,linear_interpolation,2010,2016,0.6666666666666666,46.333333333333336,2374.3333333333335,,,,,,,,,,
03403,"Oldenburg (Oldenburg), kreisfreie Stadt",2015,linear_interpolation,2010,2016,0.8333333333333334,45.166666666666664,2415.6666666666665,,,,,,,,,,
03403,"Oldenburg (Oldenburg), kreisfreie Stadt",2016,snapshot,2016,2016,0.0,44.0,2457.0,,,,,,,,,,
03403,"Oldenburg (Oldenburg), kreisfreie Stadt",2017,linear_interpolation,2016,2020,0.25,43.5,2503.25,,,,,,,,,,
03403,"Oldenburg (Oldenburg), kreisfreie Stadt",2018,linear_interpolation,2016,2020,0.5,43.0,2549.5,,,,,,,,,,
03403,"Oldenburg (Oldenburg), kreisfreie Stadt",2019,linear_interpolation,2016,2020,0.75,42.5,2595.75,,,,,,,,,,
03403,"Oldenburg (Oldenburg), kreisfreie Stadt",2020,snapshot,2020,2020,0.0,42.0,2642.0,28.0,3002.0,,,,,,,1.1362604087812262,
03404,"Osnabrück, kreisfreie Stadt",2010,snapshot,2010,2010,0.0,93.0,3546.0,,,1.0,,,,0.010752688172043012,,,
03404,"Osnabrück, kreisfreie Stadt",2011,linear_interpolation,2010,2016,0.16666666666666666,89.83333333333333,3516.6666666666665,,,1.3333333333333333,,,,0.015717330233459267,,,
03404,"Osnabrück, kreisfreie Stadt",2012,linear_interpolation,2010,2016,0.3333333333333333,86.66666666666667,3487.3333333333335,,,1.6666666666666665,,,,0.02068197229487552,,,
03404,"Osnabrück, kreisfreie Stadt",2013,linear_interpolation,2010,2016,0.5,83.5,3458.0,,,2.0,,,,0.02564661435629178,,,
03404,"Osnabrück, kreisfreie Stadt",2014,linear_interpolation,2010,2016,0.6666666666666666,80.33333333333333,3428.6666666666665,,,2.333333333333333,,,,0.03061125641770803,,,
03404,"Osnabrück, kreisfreie Stadt",2015,linear_interpolation,2010,2016,0.8333333333333334,77.16666666666667,3399.3333333333335,,,2.666666666666667,,,,0.03557589847912429,,,
03404,"Osnabrück, kreisfreie Stadt",2016,snapshot,2016,2016,0.0,74.0,3370.0,,,3.0,39.0,,,0.04054054054054054,0.011572700296735905,,
03404,"Osnabrück, kreisfreie Stadt",2017,linear_interpolation,2016,2020,0.25,76.0,3324.5,,,3.25,50.5,,,0.04260052735662492,0.015345146301598353,,
03404,"Osnabrück, kreisfreie Stadt",2018,linear_interpolation,2016,2020,0.5,78.0,3279.0,,,3.5,62.0,,,0.0446605141727093,0.0191175923064608,,
03404,"Osnabrück, kreisfreie Stadt",2019,linear_interpolation,2016,2020,0.75,80.0,3233.5,,,3.75,73.5,,,0.04672050098879367,0.022890038311323246,,
03404,"Osnabrück, kreisfreie Stadt",2020,snapshot,2020,2020,0.0,82.0,3188.0,52.0,3361.0,4.0,85.0,3.0,33.0,0.04878048780487805,0.026662484316185696,1.0542659974905897,0.009818506396905683
03405,"Wilhelmshaven, kreisfreie Stadt",2010,snapshot,2010,2010,0.0,51.0,3575.0,,,3.0,,,,0.058823529411764705,,,
03405,"Wilhelmshaven, kreisfreie Stadt",2011,linear_interpolation,2010,2016,0.16666666666666666,50.333333333333336,3563.1666666666665,,,2.8333333333333335,,,,0.05611180642469754,,,
03405,"Wilhelmshaven, kreisfreie Stadt",2012,linear_interpolation,2010,2016,0.3333333333333333,49.666666666666664,3551.3333333333335,,,2.6666666666666665,,,,0.05340008343763037,,,
03405,"Wilhelmshaven, kreisfreie Stadt",2013,linear_interpolation,2010,2016,0.5,49.0,3539.5,,,2.5,,,,0.0506883604505632,,,
03405,"Wilhelmshaven, kreisfreie Stadt",2014,linear_interpolation,2010,2016,0.6666666666666666,48.333333333333336,3527.6666666666665,,,2.3333333333333335,,,,0.047976637463496036,,,
03405,"Wilhelmshaven, kreisfreie Stadt",2015,linear_interpolation,2010,2016,0.8333333333333334,47.666666666666664,3515.8333333333335,,,2.1666666666666665,,,,0.04526491447642887,,,
03405,"Wilhelmshaven, kreisfreie Stadt",2016,snapshot,2016,2016,0.0,47.0,3504.0,,,2.0,,,,0.0425531914893617,,,
03405,"Wilhelmshaven, kreisfreie Stadt",2017,linear_interpolation,2016,2020,0.25,45.75,3510.0,,,2.0,,,,0.04381965552178318,,,
03405,"Wilhelmshaven, kreisfreie Stadt",2018,linear_interpolation,2016,2020,0.5,44.5,3516.0,,,2.0,,,,0.04508611955420466,,,
03405,"Wilhelmshaven, kreisfreie Stadt",2019,linear_interpolation,2016,2020,0.75,43.25,3522.0,,,2.0,,,,0.04635258358662614,,,
03405,"Wilhelmshaven, kreisfreie Stadt",2020,snapshot,2020,2020,0.0,42.0,3528.0,35.0,4430.0,2.0,,2.0,,0.047619047619047616,,1.2556689342403629,
03451,"Ammerland, Landkreis",2010,snapshot,2010,2010,0.0,1009.0,43611.0,,,16.0,643.0,,,0.015857284440039643,0.01474398660888308,,
03451,"Ammerland, Landkreis",2011,linear_interpolation,2010,2016,0.16666666666666666,982.1666666666666,43451.5,,,15.333333333333334,648.1666666666666,,,0.015572894266070772,0.014920249855724725,,
03451,"Ammerland, Landkreis",2012,linear_interpolation,2010,2016,0.3333333333333333,955.3333333333334,43292.0,,,14.666666666666666,653.3333333333334,,,0.0152885040921019,0.01509651310256637,,
03451,"Ammerland, Landkreis",2013,linear_interpolation,2010,2016,0.5,928.5,43132.5,,,14.0,658.5,,,0.01500411391813303,0.015272776349408015,,
03451,"Ammerland, Landkreis",2014,linear_interpolation,2010,2016,0.6666666666666666,901.6666666666666,42973.0,,,13.333333333333334,663.6666666666666,,,0.014719723744164158,0.01544903959624966,,
03451,"Ammerland, Landkreis",2015,linear_interpolation,2010,2016,0.8333333333333334,874.8333333333333,42813.5,,,12.666666666666666,668.8333333333334,,,0.014435333570195287,0.015625302843091306,,
03451,"Ammerland, Landkreis",2016,snapshot,2016,2016,0.0,848.0,42654.0,,,12.0,674.0,,,0.014150943396226415,0.01580156608993295,,
03451,"Ammerland, Landkreis",2017,linear_interpolation,2016,2020,0.25,845.0,42708.75,,,13.0,703.25,,,0.015397896542385122,0.016463634623895496,,
03451,"Ammerland, Landkreis",2018,linear_interpolation,2016,2020,0.5,842.0,42763.5,,,14.0,732.5,,,0.01664484968854383,0.017125703157858038,,
03451,"Ammerland, Landkreis",2019,linear_interpolation,2016,2020,0.75,839.0,42818.25,,,15.0,761.75,,,0.017891802834702535,0.01778777169182058,,
03451,"Ammerland, Landkreis",2020,snapshot,2020,2020,0.0,836.0,42873.0,565.0,65386.0,16.0,791.0,11.0,715.0,0.019138755980861243,0.018449840225783127,1.5251090429874279,0.010935062551616553
03452,"Aurich, Landkreis",2010,snapshot,2010,2010,0.0,1432.0,80236.0,,,37.0,1917.0,,,0.025837988826815643,0.02389201854529139,,
03452,"Aurich, Landkreis",2011,linear_interpolation,2010,2016,0.16666666666666666,1413.0,80637.16666666667,,,37.666666666666664,2045.3333333333333,,,0.02671628052209346,0.02532890553987751,,
03452,"Aurich, Landkreis",2012,linear_interpolation,2010,2016,0.3333333333333333,1394.0,81038.33333333333,,,38.333333333333336,2173.6666666666665,,,0.02759457221737128,0.026765792534463626,,
03452,"Aurich, Landkreis",2013,linear_interpolation,2010,2016,0.5,1375.0,81439.5,,,39.0,2302.0,,,0.028472863912649096,0.028202679529049746,,
03452,"Aurich, Landkreis",2014,linear_interpolation,2010,2016,0.6666666666666666,1356.0,81840.66666666667,,,39.666666666666664,2430.333333333333,,,0.029351155607926914,0.029639566523635863,,
03452,"Aurich, Landkreis",2015,linear_interpolation,2010,2016,0.8333333333333334,1337.0,82241.83333333333,,,40.333333333333336,2558.666666666667,,,0.03022944730320473,0.031076453518221983,,
03452,"Aurich, Landkreis",2016,snapshot,2016,2016,0.0,1318.0,82643.0,,,41.0,2687.0,,,0.03110773899848255,0.0325133405128081,,
03452,"Aurich, Landkreis",2017,linear_interpolation,2016,2020,0.25,1294.0,82545.25,,,43.25,2846.0,,,0.03355993681842001,0.03448506374184967,,
03452,"Aurich, Landkreis",2018,linear_interpolation,2016,2020,0.5,1270.0,82447.5,,,45.5,3005.0,,,0.03601213463835748,0.03645678697089123,,
03452,"Aurich, Landkreis",2019,linear_interpolation,2016,2020,0.75,1246.0,82349.75,,,47.75,3164.0,,,0.03846433245829495,0.038428510199932805,,
03452,"Aurich, Landkreis",2020,snapshot,2020,2020,0.0,1222.0,82252.0,989.0,99920.0,50.0,3323.0,41.0,3881.0,0.04091653027823241,0.04040023342897437,1.2148032874580557,0.03884107285828663
03453,"Cloppenburg, Landkreis",2010,snapshot,2010,2010,0.0,2109.0,93577.0,,,20.0,676.0,,,0.00948316737790422,0.007223997349776121,,
03453,"Cloppenburg, Landkreis",2011,linear_interpolation,2010,2016,0.16666666666666666,2075.5,93898.33333333333,,,19.666666666666668,680.5,,,0.009474966525612008,0.007246809651243115,,
03453,"Cloppenburg, Landkreis",2012,linear_interpolation,2010,2016,0.3333333333333333,2042.0,94219.66666666667,,,19.333333333333332,685.0,,,0.009466765673319794,0.007269621952710109,,
03453,"Cloppenburg, Landkreis",2013,linear_interpolation,2010,2016,0.5,2008.5,94541.0,,,19.0,689.5,,,0.009458564821027582,0.007292434254177103,,
03453,"Cloppenburg, Landkreis",2014,linear_interpolation,2010,2016,0.6666666666666666,1975.0,94862.33333333333,,,18.666666666666668,694.0,,,0.00945036396873537,0.007315246555644097,,
03453,"Cloppenburg, Landkreis",2015,linear_interpolation,2010,2016,0.8333333333333334,1941.5,95183.66666666667,,,18.333333333333332,698.5,,,0.009442163116443155,0.007338058857111091,,
03453,"Cloppenburg, Landkreis",2016,snapshot,2016,2016,0.0,1908.0,95505.0,,,18.0,703.0,,,0.009433962264150943,0.007360871158578085,,
03453,"Cloppenburg, Landkreis",2017,linear_interpolation,2016,2020,0.25,1871.25,95468.5,,,17.5,726.75,,,0.00934690838181565,0.0076127474554906795,,
03453,"Cloppenburg, Landkreis",2018,linear_interpolation,2016,2020,0.5,1834.5,95432.0,,,17.0,750.5,,,0.009259854499480354,0.007864623752403275,,
03453,"Cloppenburg, Landkreis",2019,linear_interpolation,2016,2020,0.75,1797.75,95395.5,,,16.5,774.25,,,0.00917280061714506,0.008116500049315868,,
03453,"Cloppenburg, Landkreis",2020,snapshot,2020,2020,0.0,1761.0,95359.0,1495.0,269839.0,16.0,798.0,11.0,395.0,0.009085746734809767,0.008368376346228463,2.8297171740475466,0.0014638358428544428
03454,"Emsland, Landkreis",2010,snapshot,2010,2010,0.0,3273.0,160775.0,,,38.0,1746.0,,,0.011610143599144515,0.010859897372103872,,
03454,"Emsland, Landkreis",2011,linear_interpolation,2010,2016,0.16666666666666666,3217.8333333333335,161066.0,,,44.5,1909.8333333333333,,,0.014037231607943339,0.011848527168856607,,
03454,"Emsland, Landkreis",2012,linear_interpolation,2010,2016,0.3333333333333333,3162.6666666666665,161357.0,,,51.0,2073.6666666666665,,,0.016464319616742162,0.01283715696560934,,
03454,"Emsland, Landkreis",2013,linear_interpolation,2010,2016,0.5,3107.5,161648.0,,,57.5,2237.5,,,0.018891407625540986,0.013825786762362074,,
03454,"Emsland, Landkreis",2014,linear_interpolation,2010,2016,0.6666666666666666,3052.3333333333335,161939.0,,,64.0,2401.333333333333,,,0.02131849563433981,0.014814416559114807,,
03454,"Emsland, Landkreis",2015,linear_interpolation,2010,2016,0.8333333333333334,2997.1666666666665,162230.0,,,70.5,2565.166666666667,,,0.023745583643138633,0.01580304635586754,,
03454,"Emsland, Landkreis",2016,snapshot,2016,2016,0.0,2942.0,162521.0,,,77.0,2729.0,,,0.026172671651937457,0.016791676152620276,,
03454,"Emsland, Landkreis",2017,linear_interpolation,2016,2020,0.25,2884.0,162813.75,,,79.0,2792.25,,,0.027470832152237223,0.01714804199094054,,
03454,"Emsland, Landkreis",2018,linear_interpolation,2016,2020,0.5,2826.0,163106.5,,,81.0,2855.5,,,0.028768992652536993,0.017504407829260802,,
03454,"Emsland, Landkreis",2019,linear_interpolation,2016,2020,0.75,2768.0,163399.25,,,83.0,2918.75,,,0.030067153152836763,0.017860773667581063,,
03454,"Emsland, Landkreis",2020,snapshot,2020,2020,0.0,2710.0,163692.0,2177.0,357955.0,85.0,2982.0,61.0,4580.0,0.03136531365313653,0.018217139505901328,2.186759279622706,0.012794904387423
03455,"Friesland, Landkreis",2010,snapshot,2010,2010,0.0,635.0,42593.0,,,15.0,807.0,,,0.023622047244094488,0.0189467752917146,,
03455,"Friesland, Landkreis",2011,linear_interpolation,2010,2016,0.16666666666666666,625.3333333333334,42808.833333333336,,,15.5,830.6666666666666,,,0.024884346129177528,0.019392849867898028,,
03455,"Friesland, Landkreis",2012,linear_interpolation,2010,2016,0.3333333333333333,615.6666666666666,43024.666666666664,,,16.0,854.3333333333334,,,0.026146645014260565,0.019838924444081456,,
03455,"Friesland, Landkreis",2013,linear_interpolation,2010,2016,0.5,606.0,43240.5,,,16.5,878.0,,,0.027408943899343605,0.020284999020264885,,
03455,"Friesland, Landkreis",2014,linear_interpolation,2010,2016,0.6666666666666666,596.3333333333334,43456.333333333336,,,17.0,901.6666666666666,,,0.02867124278442664,0.02073107359644831,,
03455,"Friesland, Landkreis",2015,linear_interpolation,2010,2016,0.8333333333333334,586.6666666666666,43672.166666666664,,,17.5,925.3333333333334,,,0.029933541669509685,0.02117714817263174,,
03455,"Friesland, Landkreis",2016,snapshot,2016,2016,0.0,577.0,43888.0,,,18.0,949.0,,,0.03119584055459272,0.021623222748815167,,
03455,"Friesland, Landkreis",2017,linear_interpolation,2016,2020,0.25,569.5,43730.0,,,22.0,1290.75,,,0.03893618571758988,0.0296028433608531,,
03455,"Friesland, Landkreis",2018,linear_interpolation,2016,2020,0.5,562.0,43572.0,,,26.0,1632.5,,,0.04667653088058704,0.03758246397289103,,
03455,"Friesland, Landkreis",2019,linear_interpolation,2016,2020,0.75,554.5,43414.0,,,30.0,1974.25,,,0.054416876043584195,0.04556208458492896,,
03455,"Friesland, Landkreis",2020,snapshot,2020,2020,0.0,547.0,43256.0,457.0,65688.0,34.0,2316.0,32.0,2684.0,0.062157221206581355,0.053541705196966896,1.518587016830035,0.040859822189745466
03456,"Grafschaft Bentheim, Landkreis",2010,snapshot,2010,2010,0.0,1327.0,57410.0,,,8.0,189.0,,,0.006028636021100226,0.0032921093886082563,,
03456,"Grafschaft Bentheim, Landkreis",2011,linear_interpolation,2010,2016,0.16666666666666666,1302.1666666666667,57557.666666666664,,,9.833333333333334,243.5,,,0.0077120353939276074,0.0042186543519038885,,
03456,"Grafschaft Bentheim, Landkreis",2012,linear_interpolation,2010,2016,0.3333333333333333,1277.3333333333333,57705.333333333336,,,11.666666666666666,298.0,,,0.009395434766754989,0.005145199315199521,,
03456,"Grafschaft Bentheim, Landkreis",2013,linear_interpolation,2010,2016,0.5,1252.5,57853.0,,,13.5,352.5,,,0.011078834139582371,0.006071744278495154,,
03456,"Grafschaft Bentheim, Landkreis",2014,linear_interpolation,2010,2016,0.6666666666666666,1227.6666666666667,58000.666666666664,,,15.333333333333332,407.0,,,0.012762233512409751,0.006998289241790786,,
03456,"Grafschaft Bentheim, Landkreis",2015,linear_interpolation,2010,2016,0.8333333333333334,1202.8333333333333,58148.333333333336,,,17.166666666666668,461.5,,,0.014445632885237135,0.007924834205086419,,
03456,"Grafschaft Bentheim, Landkreis",2016,snapshot,2016,2016,0.0,1178.0,58296.0,,,19.0,516.0,,,0.016129032258064516,0.00885137916838205,,
03456,"Grafschaft Bentheim, Landkreis",2017,linear_interpolation,2016,2020,0.25,1162.5,58331.75,,,19.0,528.75,,,0.01635304659498208,0.009064140563935197,,
03456,"Grafschaft Bentheim, Landkreis",2018,linear_interpolation,2016,2020,0.5,1147.0,58367.5,,,19.0,541.5,,,0.016577060931899642,0.009276901959488344,,
03456,"Grafschaft Bentheim, Landkreis",2019,linear_interpolation,2016,2020,0.75,1131.5,58403.25,,,19.0,554.25,,,0.016801075268817203,0.009489663355041492,,
03456,"Grafschaft Bentheim, Landkreis",2020,snapshot,2020,2020,0.0,1116.0,58439.0,952.0,145731.0,19.0,567.0,20.0,1742.0,0.017025089605734768,0.009702424750594638,2.4937285032255856,0.011953530820484316
03457,"Leer, Landkreis",2010,snapshot,2010,2010,0.0,1299.0,67580.0,,,27.0,1024.0,,,0.020785219399538105,0.01515241195620006,,
03457,"Leer, Landkreis",2011,linear_interpolation,2010,2016,0.16666666666666666,1274.1666666666667,67516.66666666667,,,28.833333333333332,1177.3333333333333,,,0.022828262543093347,0.01744843853492862,,
03457,"Leer, Landkreis",2012,linear_interpolation,2010,2016,0.3333333333333333,1249.3333333333333,67453.33333333333,,,30.666666666666668,1330.6666666666665,,,0.02487130568664859,0.019744465113657184,,
03457,"Leer, Landkreis",2013,linear_interpolation,2010,2016,0.5,1224.5,67390.0,,,32.5,1484.0,,,0.026914348830203834,0.022040491692385745,,
03457,"Leer, Landkreis",2014,linear_interpolation,2010,2016,0.6666666666666666,1199.6666666666667,67326.66666666667,,,34.333333333333336,1637.3333333333333,,,0.028957391973759076,0.024336518271114306,,
03457,"Leer, Landkreis",2015,linear_interpolation,2010,2016,0.8333333333333334,1174.8333333333333,67263.33333333333,,,36.16666666666667,1790.6666666666667,,,0.03100043511731432,0.026632544849842867,,
03457,"Leer, Landkreis",2016,snapshot,2016,2016,0.0,1150.0,67200.0,,,38.0,1944.0,,,0.03304347826086956,0.02892857142857143,,
03457,"Leer, Landkreis",2017,linear_interpolation,2016,2020,0.25,1126.25,67029.0,,,41.5,2162.0,,,0.03710488357716876,0.03228034822985662,,
03457,"Leer, Landkreis",2018,linear_interpolation,2016,2020,0.5,1102.5,66858.0,,,45.0,2380.0,,,0.04116628889346796,0.03563212503114181,,
03457,"Leer, Landkreis",2019,linear_interpolation,2016,2020,0.75,1078.75,66687.0,,,48.5,2598.0,,,0.045227694209767154,0.038983901832427,,
03457,"Leer, Landkreis",2020,snapshot,2020,2020,0.0,1055.0,66516.0,919.0,104000.0,52.0,2816.0,40.0,2854.0,0.04928909952606635,0.04233567863371219,1.5635335859041433,0.027442307692307693
03458,"Oldenburg, Landkreis",2010,snapshot,2010,2010,0.0,1092.0,63899.0,,,21.0,1061.0,,,0.019230769230769232,0.016604328706239534,,
03458,"Oldenburg, Landkreis",2011,linear_interpolation,2010,2016,0.16666666666666666,1076.6666666666667,63892.833333333336,,,21.5,1090.1666666666667,,,0.020025641025641028,0.01706264601586062,,
03458,"Oldenburg, Landkreis",2012,linear_interpolation,2010,2016,0.3333333333333333,1061.3333333333333,63886.666666666664,,,22.0,1119.3333333333333,,,0.02082051282051282,0.017520963325481708,,
03458,"Oldenburg, Landkreis",2013,linear_interpolation,2010,2016,0.5,1046.0,63880.5,,,22.5,1148.5,,,0.021615384615384616,0.017979280635102794,,
03458,"Oldenburg, Landkreis",2014,linear_interpolation,2010,2016,0.6666666666666666,1030.6666666666667,63874.333333333336,,,23.0,1177.6666666666667,,,0.022410256410256412,0.01843759794472388,,
03458,"Oldenburg, Landkreis",2015,linear_interpolation,2010,2016,0.8333333333333334,1015.3333333333334,63868.166666666664,,,23.5,1206.8333333333333,,,0.023205128205128205,0.018895915254344968,,
03458,"Oldenburg, Landkreis",2016,snapshot,2016,2016,0.0,1000.0,63862.0,,,24.0,1236.0,,,0.024,0.019354232563966053,,
03458,"Oldenburg, Landkreis",2017,linear_interpolation,2016,2020,0.25,979.75,63348.75,,,25.5,1379.5,,,0.026161044613710556,0.02183661473910973,,
03458,"Oldenburg, Landkreis",2018,linear_interpolation,2016,2020,0.5,959.5,62835.5,,,27.0,1523.0,,,0.02832208922742111,0.024318996914253408,,
03458,"Oldenburg, Landkreis",2019,linear_interpolation,2016,2020,0.75,939.25,62322.25,,,28.5,1666.5,,,0.030483133841131667,0.026801379089397087,,
03458,"Oldenburg, Landkreis",2020,snapshot,2020,2020,0.0,919.0,61809.0,756.0,100774.0,30.0,1810.0,18.0,763.0,0.03264417845484222,0.029283761264540763,1.6304098108689673,0.007571397384245937
03459,"Osnabrück, Landkreis",2010,snapshot,2010,2010,0.0,2777.0,118382.0,,,55.0,2073.0,,,0.01980554555275477,0.0175111081076515,,
03459,"Osnabrück, Landkreis",2011,linear_interpolation,2010,2016,0.16666666666666666,2725.0,118174.33333333333,,,55.5,2117.5,,,0.02042618992141329,0.017922053277798642,,
03459,"Osnabrück, Landkreis",2012,linear_interpolation,2010,2016,0.3333333333333333,2673.0,117966.66666666667,,,56.0,2162.0,,,0.021046834290071807,0.018332998447945784,,
03459,"Osnabrück, Landkreis",2013,linear_interpolation,2010,2016,0.5,2621.0,117759.0,,,56.5,2206.5,,,0.021667478658730324,0.018743943618092927,,
03459,"Osnabrück, Landkreis",2014,linear_interpolation,2010,2016,0.6666666666666666,2569.0,117551.33333333333,,,57.0,2251.0,,,0.022288123027388845,0.01915488878824007,,
03459,"Osnabrück, Landkreis",2015,linear_interpolation,2010,2016,0.8333333333333334,2517.0,117343.66666666667,,,57.5,2295.5,,,0.022908767396047365,0.01956583395838721,,
03459,"Osnabrück, Landkreis",2016,snapshot,2016,2016,0.0,2465.0,117136.0,,,58.0,2340.0,,,0.023529411764705882,0.019976779128534353,,
03459,"Osnabrück, Landkreis",2017,linear_interpolation,2016,2020,0.25,2419.25,117107.5,,,62.25,2675.25,,,0.025863535598288395,0.02284649027861864,,
03459,"Osnabrück, Landkreis",2018,linear_interpolation,2016,2020,0.5,2373.5,117079.0,,,66.5,3010.5,,,0.028197659431870907,0.02571620142870292,,
03459,"Osnabrück, Landkreis",2019,linear_interpolation,2016,2020,0.75,2327.75,117050.5,,,70.75,3345.75,,,0.03053178326545342,0.028585912578787207,,
03459,"Osnabrück, Landkreis",2020,snapshot,2020,2020,0.0,2282.0,117022.0,1752.0,207486.0,75.0,3681.0,59.0,2771.0,0.03286590709903593,0.03145562372887149,1.7730512211379057,0.013355117935667949
03460,"Vechta, Landkreis",2010,snapshot,2010,2010,0.0,1409.0,63263.0,,,18.0,679.0,,,0.0127750177430802,0.010732971879297535,,
03460,"Vechta, Landkreis",2011,linear_interpolation,2010,2016,0.16666666666666666,1393.1666666666667,63472.666666666664,,,17.833333333333332,653.3333333333334,,,0.012802113974129491,0.010300290843603326,,
03460,"Vechta, Landkreis",2012,linear_interpolation,2010,2016,0.3333333333333333,1377.3333333333333,63682.333333333336,,,17.666666666666668,627.6666666666666,,,0.012829210205178783,0.009867609807909117,,
03460,"Vechta, Landkreis",2013,linear_interpolation,2010,2016,0.5,1361.5,63892.0,,,17.5,602.0,,,0.012856306436228076,0.009434928772214909,,
03460,"Vechta, Landkreis",2014,linear_interpolation,2010,2016,0.6666666666666666,1345.6666666666667,64101.666666666664,,,17.333333333333332,576.3333333333334,,,0.012883402667277367,0.0090022477365207,,
03460,"Vechta, Landkreis",2015,linear_interpolation,2010,2016,0.8333333333333334,1329.8333333333333,64311.333333333336,,,17.166666666666668,550.6666666666666,,,0.012910498898326659,0.008569566700826491,,
03460,"Vechta, Landkreis",2016,snapshot,2016,2016,0.0,1314.0,64521.0,,,17.0,525.0,,,0.01293759512937595,0.008136885665132283,,
03460,"Vechta, Landkreis",2017,linear_interpolation,2016,2020,0.25,1296.0,64831.5,,,17.25,581.5,,,0.013326384752829065,0.008957613080258971,,
03460,"Vechta, Landkreis",2018,linear_interpolation,2016,2020,0.5,1278.0,65142.0,,,17.5,638.0,,,0.01371517437628218,0.00977834049538566,,
03460,"Vechta, Landkreis",2019,linear_interpolation,2016,2020,0.75,1260.0,65452.5,,,17.75,694.5,,,0.014103963999735292,0.010599067910512348,,
03460,"Vechta, Landkreis",2020,snapshot,2020,2020,0.0,1242.0,65763.0,1024.0,225464.0,18.0,751.0,10.0,332.0,0.014492753623188406,0.011419795325639037,3.428432401198242,0.0014725188943689458
03461,"Wesermarsch, Landkreis",2010,snapshot,2010,2010,0.0,845.0,56822.0,,,49.0,2322.0,,,0.05798816568047337,0.040864453908697335,,
03461,"Wesermarsch, Landkreis",2011,linear_interpolation,2010,2016,0.16666666666666666,831.8333333333334,56787.5,,,46.333333333333336,2330.1666666666665,,,0.05550362805835792,0.041033605022828164,,
03461,"Wesermarsch, Landkreis",2012,linear_interpolation,2010,2016,0.3333333333333333,818.6666666666666,56753.0,,,43.666666666666664,2338.3333333333335,,,0.05301909043624248,0.041202756136958986,,
03461,"Wesermarsch, Landkreis",2013,linear_interpolation,2010,2016,0.5,805.5,56718.5,,,41.0,2346.5,,,0.050534552814127026,0.041371907251089815,,
03461,"Wesermarsch, Landkreis",2014,linear_interpolation,2010,2016,0.6666666666666666,792.3333333333334,56684.0,,,38.333333333333336,2354.6666666666665,,,0.048050015192011575,0.041541058365220644,,
03461,"Wesermarsch, Landkreis",2015,linear_interpolation,2010,2016,0.8333333333333334,779.1666666666666,56649.5,,,35.666666666666664,2362.8333333333335,,,0.04556547756989612,0.041710209479351466,,
03461,"Wesermarsch, Landkreis",2016,snapshot,2016,2016,0.0,766.0,56615.0,,,33.0,2371.0,,,0.04308093994778068,0.041879360593482295,,
03461,"Wesermarsch, Landkreis",2017,linear_interpolation,2016,2020,0.25,754.25,56634.25,,,37.5,2872.75,,,0.050043667408679736,0.05071559537631895,,
03461,"Wesermarsch, Landkreis",2018,linear_interpolation,2016,2020,0.5,742.5,56653.5,,,42.0,3374.5,,,0.0570063948695788,0.0595518301591556,,
03461,"Wesermarsch, Landkreis",2019,linear_interpolation,2016,2020,0.75,730.75,56672.75,,,46.5,3876.25,,,0.06396912233047786,0.06838806494199225,,
03461,"Wesermarsch, Landkreis",2020,snapshot,2020,2020,0.0,719.0,56692.0,646.0,89120.0,51.0,4378.0,41.0,4397.0,0.07093184979137691,0.0772242997248289,1.5720031044944613,0.04933797127468582
03462,"Wittmund, Landkreis",2010,snapshot,2010,2010,0.0,780.0,43124.0,,,19.0,543.0,,,0.02435897435897436,0.012591596326871348,,
03462,"Wittmund, Landkreis",2011,linear_interpolation,2010,2016,0.16666666666666666,760.1666666666666,42976.666666666664,,,19.166666666666668,563.0,,,0.025342009646094368,0.013109000726938245,,
03462,"Wittmund, Landkreis",2012,linear_interpolation,2010,2016,0.3333333333333333,740.3333333333334,42829.333333333336,,,19.333333333333332,583.0,,,0.026325044933214373,0.013626405127005142,,
03462,"Wittmund, Landkreis",2013,linear_interpolation,2010,2016,0.5,720.5,42682.0,,,19.5,603.0,,,0.02730808022033438,0.014143809527072039,,
03462,"Wittmund, Landkreis",2014,linear_interpolation,2010,2016,0.6666666666666666,700.6666666666666,42534.666666666664,,,19.666666666666668,623.0,,,0.02829111550745439,0.014661213927138934,,
03462,"Wittmund, Landkreis",2015,linear_interpolation,2010,2016,0.8333333333333334,680.8333333333334,42387.333333333336,,,19.833333333333332,643.0,,,0.029274150794574398,0.015178618327205831,,
03462,"Wittmund, Landkreis",2016,snapshot,2016,2016,0.0,661.0,42240.0,,,20.0,663.0,,,0.030257186081694403,0.01569602272727273,,
03462,"Wittmund, Landkreis",2017,linear_interpolation,2016,2020,0.25,649.25,42073.5,,,20.5,752.25,,,0.03165054428439784,0.01790565826352353,,
03462,"Wittmund, Landkreis",2018,linear_interpolation,2016,2020,0.5,637.5,41907.0,,,21.0,841.5,,,0.033043902487101276,0.020115293799774336,,
03462,"Wittmund, Landkreis",2019,linear_interpolation,2016,2020,0.75,625.75,41740.5,,,21.5,930.75,,,0.03443726068980471,0.02232492933602514,,
03462,"Wittmund, Landkreis",2020,snapshot,2020,2020,0.0,614.0,41574.0,528.0,56502.0,22.0,1020.0,17.0,902.0,0.035830618892508145,0.02453456487227594,1.3590705729542503,0.015964036671268274
